0214,Vestlitoppen Borettslag
0004,Bentsebakken Borettslag
0002,Maridalsveien 64 Borettslag
0351,Haugerud Borettslag
0113,Tittut Borettslag
0090,Stavangergata Borettslag
0148,Skøyenåsen Borettslag
1250,Østmarkveien Boligsameie
0215,Vestliskogen Borettslag
0199,Teisenløkka Borettslag
0312,Lohøgda Borettslag
0504,Nordtvedtbekken Borettslag
5654,Studio Pilestredet 2 Brl.
0500,Nordskrenten Borettslag
1184,Tærud Borettslag
9999,OBOS
0496,Holmenkollgrenda Borettslag
0001,Etterstad I Borettslag
0618,Sentralparken Borettslag
5541,Nannestadgt. 1 Sameie
5519,Sinsen Panorama Sameiet
0321,Majorstuvn. 11 A/S
1135,Sameiet Solhaugen
0315,Tveita Borettslag
0461,Lysejordet Borettslag
5615,Ullern Park Borettslag
0122,Vetlandsveien Borettslag
0310,Lønnealleen Borettslag
1256,Bs Grefsenåsen Terrasse
0159,Knausen Borettslag
0388,Haugenstua Borettslag
0050,Lerdal Borettslag
1085,Lindern Kvartal Nr 1 Brl
0120,Oppsal Borettslag
5470,Marienlyst Park Boligsameie
0340,Ammerudlia Borettslag
1404,Sletteløkka Boligsameie
0073,Lersolveien Borettslag
0240,Manglerudhøgda Borettslag
0524,Vallerudbakken Borettslag
1252,Hoslebygg Boligsameie
1016,Øvre Ljan Boligsameie III
4082,B/S Kirkeveien 70
1003,Ekraveien 68 Boligsameie
0477,Lerdalstoppen Borettslag
1170,Sameiet Sagadammen
1208,Generallunden Boligsameie
1013,S/E Sorgenfrigaten 34
1015,Grankollen Sameie
1216,Boligsameiet Vestheimgaten 8
1150,Sameiet Waldemars Hage 1
1020,B/S Drammensveien 116
1265,Boligsameiet Fossum Terrasse
1111,Boligsameiet Holbergsvei 1
1242,Brusetskråningen Boligsameie
1215,Huseierf.Øvre Ullern Terrasse
1167,Sameiet H16-Kvartalet
1075,Tonsenhagen Velhus
1032,Vestre Ullern Boligsameie
1050,Romsåslia Brl
1263,Bølerskogen II Brl
1120,Drammensveien 114 Sameie
1266,AS Kampens Byggeselskap
1274,Sameiet Jordal Terrasse
1005,Sameiet Brageveien 2
1071,Sameiet Tonsenhagen 10
1079,Tonsenhagen 6 Sameie
0511,Himstadplassen B/L
1203,Nygård Terrasse Boligsameie
1046,Fjellhushaugen Boligs.A/S
1012,Sameiet Fagerborggt. 40
1004,Colbjørnsensgate 8 A/S
1064,Sameiet Tonsenhagen 14
1065,Sameiet Tonsenhagen 2
1374,Sameiet Nobø B1
1066,Sameiet Tonsenhagen 3
1067,Sameiet Tonsenhagen 4
1068,Sameiet Tonsenhagen 5
1069,Sameiet Tonsenhagen 8
1070,Sameiet Tonsenhagen 9
1072,Sameiet Tonsenhagen 11
1073,Sameiet Tonsenhagen 13
1074,Tonsenhagen/Rødberget
1076,Sameiet Tonsenhagen 18
1077,Sameiet Tonsenhagen 20
1078,Kristine Bonneviesvei 6 S/E
0003,Fagerheimen Borettslag
0005,Galgeberg Borettslag
0006,Hammergata 9 A/S
0007,Trondhjemsveien 170 Borettslag
0008,Frydenberg Borettslag
0009,Myrahagen Borettslag
0010,Bjølsenhagen Borettslag
0011,Balkeby A/S
0014,Tøyenhus Borettslag
0015,Engelsborg Borettslag
0016,Øvre Tøyen Borettslag
0017,Presidentgaten Borettslag
0018,Bøkkerløkka Borettslag
0019,Ola Narr Borettslag
0020,Trasopløkka III Borettslag
0022,Iladalen I A/S
0023,Maridalsveien Borettslag
0025,Ila Borettslag
0026,Gløtt Borettslag
0027,Sandefjordgaten Borettslag
0028,Tøyen II Borettslag
0029,Brockmannsgata Borettslag
0032,Lille Ekeberg Borettslag
0033,Voldsløkka Borettslag
0034,Keyserløkka Nord Borettslag
0035,Nordvoll Borettslag
0036,Utsyn Borettslag
0038,Bussførernes Borettslag
0039,Fougstadgata Borettslag
0040,Gjøvikgata Borettslag
0041,Sofienberggata 59 AS
0042,Nordre Åsen Borettslag
0043,Ekely Borettslag
0044,Søndre Åsen Borettslag
0045,Akersbakken Borettslag
0048,Etterstad Sør Borettslag
0049,Brannfjellveien Borettslag
0051,Nordre Hellerud Borettslag
0053,Teisen Borettslag
0054,Enerhaugen Borettslag
0055,Ensjøsvingen Borettslag
0057,Nils Huusgate Borettslag
0060,Keyserløkka Øst Borettslag
0061,Helgesensgate 82/84 AS
0063,Storgården Borettslag
0064,Keyserløkka Sør Borettslag
0065,Ålesundgata 3 Borettslag
0066,Lilleberg Borettslag
0067,Treschowsgata Borettslag
0070,Frederik Glads Gate Borettslag
0071,Valle Borettslag
0072,Hovin Borettslag
0074,Bentsebo Borettslag
0075,Teisen Vest Borettslag
0078,Marmorberget Borettslag
0079,Bergkrystallen Borettslag
0080,Blåfjellet Borettslag
0081,Steinspranget Borettslag
0082,Rabben Borettslag
0083,Pynten Borettslag
0087,Bjerkehaugen Borettslag
0088,Mogata 11 Borettslag
0089,Nedre Kalbakken Borettslag
0092,Gamlehagen Borettslag
0094,Åsenbygg Borettslag
0095,Manglerudvangen Borettslag
0096,Brekke Borettslag
0097,Refstad Borettslag
0098,Akerli Borettslag
0100,Normannsgata Borettslag
0101,Storo Borettslag
0102,Bakkehaugen Borettslag
0103,Flaen Borettslag
0104,Manglerud Borettslag
0105,Magnefaret Borettslag
0107,Høybråten Borettslag
0111,Myrer Borettslag
0112,Møllerstua Borettslag
0114,Vestbysletta Borettslag
0115,Amalienborg Borettslag
0116,Stjerneblokkveien Borettslag
0117,Øraker Borettslag
0118,Skullerudgrenda Borettslag
0121,Nygård Borettslag
0124,Oppsaljordet Borettslag
0125,Soltoppen Borettslag
0128,Frydenbergbakken Borettslag
0129,Lysehagan Borettslag
0131,Eftasåsen Borettslag
0134,Solrabben Borettslag
0135,Oppsalgrenda Borettslag
0137,Østmarka Borettslag
0138,Manglerudjordet Borettslag
0143,Helgesensgate 79 AS
0145,Fuglemyra Borettslag
0146,Sandakerveien Borettslag
0147,Prestehagan Borettslag
0149,Stormyra Borettslag
0150,Godlia Borettslag
0152,Engsletta Borettslag
0153,Nøklevann Borettslag
0156,Langbølgen Borettslag
0160,Oppsal Vaktmestersentral
0162,Lundlia Borettslag
0164,Rimveien Borettslag
0167,Lodalen Borettslag
0169,Sandakerveien 20 B B/L
0170,Husebybakken Borettslag
0171,Plogveien Borettslag
0173,Lillo Terrasse Borettslag
0175,Flaengrenda Borettslag
0176,Nylænde Borettslag
0177,Mogaten Borettslag
0178,Nordre Huseby Boligselskap A/S
0179,Skolebakken Borettslag
0181,Smedgata 7/9 Borettslag
0183,Vossegata Borettslag
0185,Solbakken Borettslag
0186,B/L Bjerregaardsgate 19
0187,Skøyenlia Borettslag
0188,Karlstadgata Borettslag
0191,Beverdalen Borettslag
0195,Solhøgda Borettslag
0200,Bjerke Borettslag
0201,Sætrehjørnet Borettslag
0202,Manglerudlia Borettslag
0203,Østerdalsgt 4-6 Borettslag
0212,Vestre Strøm Borettslag
0213,Nedre Smestad Boligselskap A/S
0219,Nordmøregata 4 Borettslag
0220,Hauktjern Borettslag
0222,Trolltun Borettslag
0224,Laura Gundersengt.3 Borettslag
0229,O. B. L. Borettslag
0234,Bogerud Borettslag
0239,Havretun  Borettslag
0247,Rognerud Borettslag
0248,Fossheim Borettslag
0250,Byggveien Borettslag
0252,Stovner Borettslag
0253,Stallerudåsen Borettslag
0254,Høgdaveien Borettslag
0256,Nordberg Borettslag
0257,Øvre Høybråten Borettslag
0259,Abellund Borettslag
0260,Hamborg Borettslag
0266,Rustad Borettslag
0267,Norbygata 3-9-13 Sameie
0270,Munkelia Borettslag
0277,Stallerud Borettslag
0278,Rustadåsen Borettslag
0279,Rustadlia Borettslag
0285,Voksen Borettslag
0286,Bogerudsletta Borettslag
0287,Bjartkollen Borettslag
0294,Rustadfaret Tomteselskap A/S
0301,Alunsjø Borettslag
0308,Skråningen Borettslag
0311,Sørhellinga Borettslag
0313,Smalvollskogen Borettslag
0314,Luren Borettslag
0324,Treskeveien Borettslag
0329,Heimdal Borettslag
0330,Østbyfaret Borettslag
0335,Ammerudenga Borettslag
0338,Ammerudfaret Borettslag
0349,Christiesgate Borettslag
0352,Solfjellet Borettslag
0353,St.Hansfjellet Borettslag
0360,Ammerudkollen Borettslag
0364,Løren Borettslag
0381,Finstadkollen Borettslag
0384,Sandbakken Borettslag
0385,Kolåsbakken Borettslag
0387,Nils Huusgt. 17 Borettslag
0389,Smedstua Borettslag
0390,Stigenga Borettslag
0393,Nedre Stovner Borettslag
0395,Manglerudsletta Borettslag
0398,Vosseløkka Borettslag
0399,Munkerudsletta Borettslag
0401,Fagerholt Borettslag
0402,St.Hansfjellet Tomteselskap AL
0407,Drøbakgata Borettslag
0408,Karlstua Borettslag
0411,Valdresgata Borettslag
0413,Meklenborg Borettslag
0414,Setra Borettslag
0415,Orebakken Borettslag
0416,Jarbakken Borettslag
0422,Stovnerskogen Borettslag
0423,Stubberudlia Borettslag
0427,Sageneterrassen Borettslag
0430,Traktorveien Borettslag
0432,Øvre Haugen Borettslag
0434,Nedre Haugen Borettslag
0436,Skansen Borettslag
0437,Frydenlund Borettslag
0440,Skjønhaug Borettslag
0441,Reistad Borettslag
0444,Sandaker Borettslag
0449,Lutvannkollen Borettslag
0450,Valhall Borettslag
0451,Slåttevangen Borettslag
0452,Bjørnheim Borettslag
0453,Ulsholt Borettslag
0454,Kurland Borettslag
0455,Gransletta Borettslag
0456,Granstangen Borettslag
0457,Nordre Gran Borettslag
0458,Øvre Furuset Borettslag
0459,Nordre Fjeldstad Borettslag
0460,Nils Huusgt. 11-13 B/L
0462,Elvefaret Borettslag
0463,Nordseter Borettslag
0464,Fjellhytta Borettslag
0466,Lindebergskogen Borettslag
0467,Søndre Lindeberg Borettslag
0468,Østre Lindeberg Borettslag
0472,Sloreåsen Borettslag
0478,Søndre Fjeldstad Borettslag
0482,Oppsal Terrasse Borettslag
0484,Mellomenga Borettslag
0485,Benterudjordet Borettslag
0486,Smedvollen Borettslag
0487,Rønningen Borettslag
0488,Åssida Borettslag
0489,Øvre Silkestrå Borettslag
0490,Nedre Silkestrå Borettslag
0491,Casinetto Borettslag
0497,Starveien Borettslag
0498,Smålensgata Borettslag
0509,Jordal Borettslag
0510,Stolmakergata Borettslag
0513,Voksenskogen Borettslag
0514,Jerpeskogen Borettslag
0515,Svarttrostskogen Borettslag
0516,Hoffsgrenda Borettslag
0517,Rastaskogen Borettslag
0518,Vallerudlia Borettslag
0519,Vallerudåsen Borettslag
0520,Vallerudtoppen Borettslag
0521,Gamlelinja Borettslag
0526,Nordseterskogen Borettslag
0531,Ellingsrudflaten Borettslag
0532,Munkebekken Borettslag
0533,Beverlia Borettslag
0534,Avstikkeren Borettslag
0535,Øvre Sogn Borettslag
0541,Smestaddammen Borettslag
0542,Sportsveien B/L
0543,Bogstadlia B/L
0545,Åsly B/L
0553,Lilleparken Borettslag
0554,Welhavensgate Nr.10 Borettslag
0555,Pilestredet Nr.47 Borettslag
0556,Korsgata Borettslag
0557,Torvbakkgata Borettslag
0559,Måltrostskogen Borettslag
0560,Wessels Gate 16 Borettslag
0561,Preståsen Borettslag
0566,Bjørntun Borettslag
0567,Leirfallsgata Borettslag
0568,Ellingsrudjordet B/L
0572,Folkvangveien B/L
0573,Sverdrupsgate 22 Borettslag
0585,Krabberud Borettslag
0594,Øvre Adamstuen Borettslag
0595,Pontoppidan B/L
0596,Frydenlundgata 5/7 BL
0599,Jacob Meyer Borettslag
0600,Byhagen B/L
0601,Tangerudgrenda BL
0602,Bygdeveien Borettslag
0604,Haugerudtunet  BL
0605,Øvre Kalbakken BL
0606,Idrettsveien Borettslag
0607,Nedre Steensgaarden Borettslag
0608,Øvre Steensgaarden Brl
0611,Tangerudmarka BL
0612,Medisinen Borettslag
0615,Rudskollen Borettslag
0616,Lakkegården Borettslag
0619,Vålen Borettslag
6021,Jess Carlsen Borettslag
0622,Freidigkollen Borettslag
0623,Gluckstadgata 2 Sameie
0624,Enga Borettslag
0627,Hausmann Brl
0630,Freidigtunet Borettslag
0631,Skullerudenga Borettslag
0632,Fredensborg Gårdsrom Sameiet
0710,Markveien 9 B/L
0711,Sofienbergparken B/L
0712,Kampen Slott B/L
0810,OBOS Nye Hjem  AS
0844,Solhauggaten Borettslag
0854,Verksgata Borettslag
0873,OBOS Utleieboliger AS
0875,Aldersboliger For Læger AS
0881,Nittedalgata 1-7 Borettslag
0994,Ellingsrudåsen Kabelnett AS
0998,OBOS Forretningsbygg AS
0999,OBOS
1006,S/E Drammensveien 93
1007,Sameiet Krusesgate 13
1017,Øvre Ljan B/S IV
1018,Sameiet Drammensveien 52
1022,B/S Micheletsvei 21/23
1023,Uelandsgate 61 Sameie
1024,Vestre Ingieråsen B/S
1026,Sameiet Kirkeveien 110
1027,S/E Frederik Stangsgate 37
1029,Sameiet Eugeniesgate 7
1034,Niels Juels Gate 26
1035,Bs Grindbakken Terrasse
1038,B/S Michelets Vei 25/27
1039,Sameiet Schweigaardsgt 54
1043,Nedre Stabburvei 1-3-5 Sameie
1045,Hofftunet Boligsameie
1049,Sinsenveien 14-16-18
1052,Brl Torshov Kvartal XI
1053,Sameiet Nadderud Vest
1054,Vestlifaret Boligsameie
1055,B/S Hammerstadsgate 21
1061,Solhaug Byggeselskap A/S
1062,Durud Borettslag
1082,Høyenhall Sameie
1086,Bråten I Boligsameie
1087,Boligsameiet Kollen
1089,Treschows Gates Terrasse A
1091,Sameiet Herregårdsvn. 1 M.Fl.
1094,Sameiet Kolbotn Terrasse 5-7
1097,Sameiet Langaardløkken
1102,Fornebukollen Boligsameie
1104,Sameiet Vestveien 34
1105,SE Neuberggt. 7
1106,SE Industrigaten 47
1110,Stensgaten 40 B SE
1112,Sameiet Bogstadveien 72
1115,Sameiet Oscarsgate 33
1118,Boligsameiet Odinsgt 5
1119,Sameiet Stensgaten 33
1121,Vestliåsen Boligsameie
1122,Nybygg AS
1126,S/E Gimle Terrasse 3
1127,Vårveien 47 Bs
1128,AS Kastellhagen Byggelag II
1129,Sophus Liesgate 8 Sameie Utg
1131,Boligsameiet Sannergt 25 Utg
1132,Sameiet Neuberggaten 1
1133,Boligsameiet Kirkegårdsgata 10
1134,Sameiet Tærudparken I
1136,Sameiet Paulus Plass 5
1140,Observatorie Terrasse 15 A-B
1142,Pilestredet 38
1143,Sameiet Grefsenveien 48
1144,Boligsameiet Gregers Grams Vei
1146,Hafrsfjordsgate 37 AS
1151,Sameiet Ski Amfi I
1152,Sameiet Hammeren Terrasse
1155,Sameiet Lybekkveien 44
1156,Sameiet Lybekkveien 46
1157,Sameiet Lybekkveien 48
1158,Sameiet Lybekkveien 50
1160,Boligsameiet Ullernveien 22
1161,Sameiet Gøteborggata 6 og 8
1162,S/E Kyrre Grepps Gate 19
1163,Korpefaret Boligsameie
1164,Amalienborg Boligsameie
1165,Jegerbakken Boligsameie
1171,Sameiet Holmboesgt. 2
1181,Sameiet Kjørbokollen 19-29
1205,Askelia Borettslag
1206,S/E Brobekkveien 26-28-30 Utg
1209,Grefsenseteren Boligsameie
1210,Rudshøgda 1 Bs
1211,Tøyenbekken 1-3 Bs
1212,Ullernåsen Bs
1213,Vestlidalen Brl
1214,Østerli Boligselskap AS
1217,Lyse Terrasse Bs
1218,Rudshøgda V B/S
1219,Rudshøgda V H/L
1220,Boligsameie Bolteløkka Alle 2
1221,Breigata 19-23/Motzfeldtsgt 5
1222,Ullernparken Boligsameie
1224,A/L Ila Kvartal V BL
1225,Ullernskogen Boligsameie
1227,Norbygata 19-23 Bs
1228,Breigata 3-5-7 Bs
1229,Sameiet Tærudparken 2
1234,Løkenhavna Boligsameie
1235,Hannestad Terrasse Borettslag
1236,Boligsameiet Gg 24-26-28
1238,Holmenbakken Boligsameie
1241,Øvre Riis Bs
1243,Landerokollen Bs
1244,Sameiet Kirkeveien 69
1245,Jens Bjelkesgt 82 Sameie
1246,Boligsameie Rolvsrud Skog
1249,Boligsameiet Brekke Terrasse
1253,Skullerudhøgda IV Bs
1255,Løkkeåsen Bs
1257,Vesthellinga Boligsameie
1258,Blakstadlia Boligsameie
1260,Langteigåsen Huseierforening
1261,Majorstuløkken Brl
1262,Mortensrud Bs
1264,Norbygata 17/Motzfeldtsgt 7
1267,Ila Kv I Boligsameie
1268,Liabakken Boligsameie
1269,Rathkesgate 16 Brl A/L
1270,Kjørbokollen 31-49 Bs
1271,Kampen Terrasse Brl
1272,Sameiet Stensgaten 36B
1273,A/S Brinken
1275,Furulund III AS
1276,Solberglia Sameie
1277,AS Heibergløkka Boliglag
1278,Viken Boligsameie
1279,Nordseter Seniorboliger Brl
1280,AS Tøyenparken Boligselskap
1281,Sameiet Strømmen Park II Ba Ut
1282,Thonbygget Sameie
1301,Christian Krohgs Gate 30 Brl
1308,AS Fjellseterveien 32
1336,Es Ringvål Park - Ringvål Vest
1367,Borettslaget Sandgata 2
2504,Østre Aker Vei 33 AS
3051,Hedemarksgt 3-11
3053,Schwensens Gate 9
3055,Ulsrudveien
3056,Stallerudveien 121
3057,Othilie Tonnings Vei 8-10
3702,Sætherhagen B/S
3704,Sofienberggata 31 S/E
3705,Schweigaardsgt 48B Sameie
3706,B/S Drammensveien 61
3716,Suhmsgt 8 B/S
3902,Sameiet Tamburveien 11-15
3903,A/S Bennechesgate 1 og 3
3905,S/E Steenstrupsgate 16
3908,S/E Solegladveien 9-11
3910,S/E Odinsgate 23
3911,Sameiet Hovinvn 54
3914,Sameiet Ole Vigsgate 19
3915,B/S Gamle Madserud Alle 3
3917,Ullevålsveien 81 AS
3919,S/E Karlstadgt 4
3921,Nordstrandshøgda Boligsameie
3922,BL Tøyengata 41
3923,Grefsen Terrasse Barnehage
3925,Sameiet Danmarksgata 8
3926,B/S Jerpefaret 19
3928,S/E Schultzgt 9
3929,S/E Vålerenggata 18
3930,S/E Bolteløkka Alle 7
3933,Sporveisgata 2 S/E
3934,Thunesvei 15 S/E
3935,S/E Huitfeldsgate 31
3937,S/E Sporveisgt 12
3938,S/E Ole Fladagersgt 8
3939,S/E Fredensborgveien 70
3940,SE Ingeborgs Gate 9
3941,S/E Munkerudåsen 16
3942,S/E Tomtegata 5
3943,Etterstadgata 30 Brl
3944,Munkerudåsen 38 S/E
3946,S/E Munkengveien 1
3947,Sønstebo Boligsameie
3948,S/E Bergrådveien 5
3949,S/E Munkerudkleiva 22
3950,S/E Bygdøy Alle 61
3951,Brl Fossveien 5,7
3954,Bs Oscarsgate 3B
3955,S/E Prinsensgate 14-16
3956,S/E Hegdehaugsveien 15
3957,Maridalsv.60 Eiersek.Sameie
3959,Inkognito Terrasse 5 Bs
3960,Camilla Collettsvei 3 AS
3961,Sameiet Bjerregaardsgt 64
3962,S/E Schweigaardsgt 48 A
3963,S/E Schwensensgt 18
3964,B/S Niels Juelsgate 47
3965,S/E Schleppegrellsgt 14
3966,S/E Holmenveien 14
3968,S/E Bjerkestrand 5-23
3970,S/E Stubben
3971,S/E Ullernveien 15
3972,S/E Konowsgt 39
3973,S/E Bennechesgate 5
3974,Brl Markveien 59
3976,S/E Parkveien 62 B
3978,S/E Enebakkvn 28
3981,Mohagen Sameie
3983,Hvitveiskroken Borettslag
3984,S/E Uranienborg Terrasse 22
3986,S/E Gimleveien 20
3988,Bestum Terrasse Boligsameie
3990,Sameiet Fredensborgveien 39
3991,S/E Cort Adelersgate 2
3992,S/E Nordstjernevn 1-3
3993,Mohagen II Boligsameie
3998,S/E Frenningsvei 45
4002,S/E Eckersbergsgaten 17
4004,Eckersberggaten 6 Sameie
4005,Torshovgaten 20 B/L
4008,Magnus Bergsgt 1 AS
4010,Hammerstadgata 11 B/S
4012,Løvenskioldsgate 8 SE
4013,Toftesgate 51 S/E
4014,Ullevålsveien 59 Bs
4021,Ekebergveien 10B Sameie
4022,Sameiet Hegdehaugsveien 7
4024,S/E Sverdrupsgate 9
4025,Inkognitogaten 2 B/S
4026,S/E Stensberggaten 17
4027,Jerpefaret 8 Sameie
4028,Tøyengata 37 B/S
4029,B/S Industrigaten 56
4033,Vøyensvingen 15 AS
4035,Sameiet Langesgate 9
4036,S/E Bjerregaardsgt. 20A
4037,Helgesensgate 21  S/E
4038,B/S Josefinesgt 38
4039,Fossveien 23B Sameiet
4041,B/S Grønnegata 14
4042,Oslo Havebyselskap
4044,S/E Schleppegrellsgt 24
4047,Nobelsgt. 22 B/S
4048,S/E Thor Olsensgt 5A
4049,S/E Sexesgt 2
4051,Frederik Gladsgate 18-20
4053,AS Langaardsgate 1
4055,Sameiet Rathkesgt 17
4056,Sameiet Østreheimsveien 17/19
4058,Sameiet Dronning Astridsgate 5
4059,AL Brl Industrigaten 30
4060,Brl Toftesgt. 59
4062,S/E Thor Olsensgt 8
4063,S/E Drammensveien 70
4064,Sofiesgt 16 B/S
4066,S/E Elster Brygge I
4067,B/S Hosleveien 52
4070,S/E Seilduksgt 8
4072,Daasgate 1 Sameie
4073,B/S Vidarsgt 20
4074,S/E Huitfeldtsgate 11
4076,S/E Frimannsgt 22
4077,Bryn Atrium Sameie
4078,S/E Marstrandsgt 15
4079,Brl Seilduksgt 24
4083,S/E Elisenbergveien 18
4084,S/E Kirkegårdsgt 11
4085,Bs Opplandsgt 21
4086,B/S Breidablikkvn 4
4087,Krumgata 1 S/E
4088,B/S Niels Juelsgt 2
4089,B/S Ole Vigs Gt 15
4090,B/S Framnes Terrasse 3
4091,B/S Frederik Stangsgt 10
4093,B/S Husebybakken 10
4094,Sameiet Rødtvetkroken 8
4095,B/S Sofiesgate 76
4096,S/E Huitfeldtsgt 13
4097,B/S Gørbitzgt 5
4098,Sameiet Jerpefaret 10
4099,S/E Frydenlundsgate 9
4101,Skolebakken Bs
4105,Britanniatorget Sameie
4106,Joheia Bs
4115,Bs Ullerudåsen Terrasse
4117,Bs Smedens Utsikt
4118,Løkkedalsjordet Bs
4119,Eikaparken 5 Boligsameie
4120,Vevelstadåsen Gr.lag
4128,Bregneveien 1 Bs
4130,Sameiet Skiveien 126
4131,Sameiet Liaveien 17 19 21
4133,Furuåsen Sameie
4136,Jordbærsletta Bs
4137,Jordbærsletta Studio Bs
4138,Sameiet Søndre Skrenten 3
4141,Sameiet Stensgaten 5
4142,AS Thygesonsgt. 14
4144,Bs Grottenveien 7
4145,Bs Vingolfveien 2
4146,Bs Gladvoll Fjordterrasse
4147,Sameiet Spireaveien 10A
4148,Bjørnåsen Bs
4149,Sameiet Grimstadgata 11-15
4151,Smedsrud Grendelag
4152,Sagstua Grendelag
4155,Sloratoppen Huseierforening
4157,Ramstad Terrasse Bs
4158,Vestre Ramstad Terrasse Bs
4171,Lyngåsen Brl  Ba
4181,Salmakertunet 3 og 5 Sameie
4182,Salmakertunet 7 og 9 Sameie
4189,Glassverket Bs
4192,Myra Bs
4196,Myrsletta Selveierforening
4197,Nedre Hebekk Bs
4198,Granly Bs
4199,Hebekk  Bs
4235,Sofiemyråsen Sameie
4236,Kolbotn Torg Bs
4289,Bs Sogsti Terrasse
4301,Orretunet Boligsameie
5005,Røa Boligsameie
5006,Danmarksgt 10 Boligsameie
5007,Markveien 7 Borettslag
5008,Meltzersgt 1 og 3 Boligsameie
5009,Steenstrupsgate 19  Sameie
5010,Toftesgt 52 Sameie
5014,Vålerenggata Borettslag
5015,Trondhjemsveiens Borettslag
5018,Bjerkelundsgt 5 Borettslag
5019,Lerdalsjordet B/L
5020,Karlstadgt 14 Borettslag
5021,Markveien 2 Borettslag
5026,Frognerveien 20 B/L
5027,Hammerfestgata Borettslag
5029,Louisesgate 15 Sameiet
5030,Biermannsgt 12 B/L
5032,Br.Laget Oskar Braatensplass
5034,Islandsgt 7   B/L
5037,Haukåsen Sameie I
5038,Steenstrupsgt 23 Borettslag
5043,Olaf Ryes Pl3/Markvn 38-42 B/L
5044,Løkka B/L
5048,Rathkesgate 4 Borettslag
5052,Lerdalsgrenda  B/L
5054,Furulund 1 AS
5055,Furulund II AS
5060,Østgaardsgate 2 B/L
5063,Bakkehavn Sambyggelag AS
5065,Steenstrupsgate 9 B/L
5070,Skovheim Boligsameie
5072,Maridalsveien 56 B/L
5084,Grünerhagen B/L II
5085,Bjørn Stallaresv. 31/41 B/L
5090,Tokerudtoppen Sameie
5092,Sagdalsvegen Borettslag
5094,Siebkesgt. 3  B/L
5097,Eckersbergsgate 31 B/L
5099,Tromsøgt. 7 S/E
5101,Munkedamsvn.79 AS
5102,Toftesgt.29 B/S
5105,Tøyenhagen B/L
5107,Norbygata 15 Sameiet
5109,Rudshøgda Terr. Grendlag S/E
5111,Helsfyr Borettslag
5114,Fredensborgveien 37 B/L
5115,Torshov Kvartal IV B/L
5121,Camilla Collettsv. 8 S/E
5122,Korsgata 22 B/L
5123,Ullevålsveien 56 B/L
5125,Sannergaten 38 B/L
5126,Jens Bjelkesgt. 14 B/L
5130,Borettslaget Åkebergveien32/34
5131,Eiriksgate 6 B/L
5132,Ulsrud Hageby B/L
5145,Grünersgt. 4 B/L
5147,Steenstrupsgate 17 S/E
5149,Thor Olsensgt. 4 B/L
5154,Østbygrenda B/L
5155,Sverdrupsgt. 12 B/L
5156,Parkveien 4B S/E
5157,Parkveien 6 S/E
5158,Mauritz Hansensgt. 2 S/E
5160,Pilestredet 68 Sameiet
5162,Vibesgt. 16 Brl.
5163,Herslebsgate 9-11 Sameie
5164,Siloveien 2-14  Borettslag
5166,Sofienberggaten 29 Brl.
5168,Urtegaten 32/Tøyengaten 24 Brl
5169,Thorn Dønhaugs Boligstiftelse
5171,Christiesgate 36 Sameie
5172,Sinsenterrassen 11-21 S/E
5174,Thorvald Meyersgate 62 B/L
5175,Øvre Grorud Borettslag
5177,Thaulow Borettslag
5178,Siebkesgate 5 Brl.
5181,Frydenhagen Sameie
5185,Skullerudhøgda II Boligsameie
5187,Munkedamsveien 84 B Sameiet
5189,Wilhelmsgate Sameie
5191,Rathkesgate 14 Borettslaget
5195,Toftesgate 43 Borettslag
5197,Motzfeldtsgate 21-23 Sameie
5198,Åsaveien 11 Sameie
5199,Brochmannsgata 4 Borettslag
5200,Torshov Kvartal VII Borettslag
5201,Thorvald Meyersgate 85 Sameie
5203,Miljøgaten II Borettslag
5205,Miljøgaten I Borettslag
5206,Seilduksgt. 5 Borettslag
5207,Bygdøy Alle 45 Sameie
5209,Jacob Aalsgate 5 Sameie
5213,Hagastubben Sameie
5214,Tøyen Boligselskap AS
5215,Vestlijordet Huseierlag
5216,Ryenstubben 6 Sameie
5218,Thor Olsens Gt. 6 B/L
5222,Beverkollen Huseierforening
5225,Bjerkelundsgata 6 B/L
5226,Askergata 2 Sameie
5227,Birkelunden Boligsameie(bærum)
5228,Sameiet Huseby Terrasse
5232,Claus Riisgate 2 AS
5233,Biermannsgate 8 B/L
5235,Hekkveien Boligsameiet
5236,Ryenstubben 4 Sameiet
5237,Solbakken II Sameie
5238,Skovveien 35 Sameie
5239,Romsdalsgata 3 B/L
5240,Elmholt Boligsameie I
5244,Elmholt Boligsameie III
5247,Elmholt Boligsameie II
5249,Elmholt Boligsameie IV
5250,Sofienberggata 56 Sameie
5251,Bjerregaardsgate 29 Sameie
5252,Hansteensgate 12 Sameie
5257,Tøyenbygg 1 Sameiet
5258,Tøyenbygg II AS
5259,Elmholt V Sameie
5260,Elmholt VI Sameie
5265,Bogstadveien 46 Sameie
5267,Sorgenfrigaten 31 Sameie
5268,Hammerstads Gate 23 Sameie
5272,Jbs B/L
5273,Gjøvikgt. 4 Borettslag
5274,Skovveien 22 Sameie
5275,Hauketoveien 10 Sameie
5276,Vestlihagen B/S
5277,Uranienborgveien 7 S/E
5278,Mortenstunet AS
5279,Krumgata 6 Sameie
5280,Nordstrandveien 17 Sameie
5281,Brinken Sameie
5282,Islandsgt. 10 B/L
5283,Grunerl Brl Helgesensgt 7-9-11
5285,Urtegata 45 B/L
5286,Boligsameiet Haukåsen IV
5287,Lutvann Boligsameie
5288,Stensjordet Borettslag
5289,Iladalen VI B/L
5291,Ullevålsveien 107 AS
5292,Sommerfrydløkken AS
5293,Furukollen Boligsameie
5294,Bentsegata 2 B/L
5295,Sandefjordgata 3 Brl
5296,Borggata 4-6-8 Sameie
5297,Elmholt VII Sameie
5298,Elmholt VIII Sameie
5299,Låveveien 48 Boligsameie
5302,Brandtsgate 2 AS
5303,Jessenløkken Boligsameie
5305,Brækkehus Boligsameie
5306,Vålerenga Sameie
5310,Rudshøgda IV Grendelag
5315,Stockflethsgate 51 BL
5316,Thurmannsgate 12 Sameie
5318,Hagegata 39 BL
5319,Hekkveien 10 Sameie
5320,Thorvald Meyersgate 35-41 B/L
5321,Sannergaten 5 AS
5323,Fjellhus Boligselskap AS
5324,Westye Egebergsgt. 1 Sameie
5325,Øvre Foss 6 AS
5327,Torshovgaten 5 BL
5328,Kirkeveien 74 Sameie
5329,Sagene Ring Garasjesameie
5332,Uranienborgvn.11 Nord Sameie
5334,Østmarka Boligsameie
5335,Grefsen Senior Senter
5336,Multehaug Sameie I& II
5339,Drammensveien 50 C/D Sameie
5341,Frognerkilen Terrasse Sameiet
5344,Huitfeldtsgt. 33 Sameie
5345,Dalehaugen 2-4 BL
5346,Holtekilskrenten Bs
5349,Ole Fladagersgate 1 Sameie
5350,Langgaten 2 Sameie
5352,Fjellgata/Gøteborggata SE
5353,Olaussengården Sameie
5354,Rosenborggt 8-10 S/E
5355,Rosenborggt. 12 BL
5356,Frysjaveien 1-3-5 Sameie
5358,Iladalen VII AS
5359,Ryghsvei 5-7 Boligsameie
5360,Villabygg I AS
5361,Sarpsborggt 14 Sameie
5365,Hammergården Borettslag
5366,Kingo Terrasse AS
5368,St. Halvardsgt. 25 D-F Sameiet
5369,Trudvang AS
5370,Harry Fettsvei 5A og B Brl
5372,Gustav Vigelandsvei 1 Sameiet
5373,Bjørnebodammen Boligsameie Utg
5374,Lunden 24/26 BL
5376,Tangerudhagen Boligsameie 1
5377,Schøningsgt 34 BL
5378,Kirkeveien 53 Sameie
5379,Røahagan 1C Sameie
5380,Pres.Harbitzgate 5 Sameie Utg
5382,Frichsgate 1 SE
5383,Fuglehauggt. 12 BL
5384,Thurmannsgt. 10 Brl
5386,Lunden 32/36 Borettslag
5387,Sandefjordgata 2 Borettslag
5389,Nils Huusgt. 18 Sameie
5390,Åsavn25 27 H Hårfagresg17 19Se
5391,Hegdehaugsveien 36 Sameie
5392,Hammergaten 1 Sameie
5393,Larviksgata 5 Sameiet
5395,Øvre Foss 8 AS
5397,Calmeyersgt. 4 Brl
5400,Rødtvedt Borettslag
5401,Herkulesveien Boligsameie
5402,Ullevålsveien 82 AS
5403,Collettsgate 54 Brl
5404,Waldemar Thranes Gate 60/62 SE
5405,Brånåsen Terrasse II Sameie
5406,Eckersbergsgt. 31 Sameie
5407,Etterstadkroken 7 C og D BL
5408,Etterstadkroken 5 G Sameie
5409,Etterstadkroken 5 H Sameie Utg
5410,Schweigaards Gate 80/Vestfoldg
5412,Vossegata 34 Borettslag
5413,Lunden 38-40 Sameie
5414,Øraker Boligsameie
5415,Vardøgt. 1 Borettslag
5417,Welhavensgt 21 Sameie
5418,Ringgaten Terrasse Sameie
5419,Torshovgata 8 Borettslag
5420,Skullerudhøgda I Boligsameie
5422,Westye Egebergsgt 2 Sameie
5423,Westye Egebergsgt 3 Sameie
5424,Westye Egebergsgt 4 Sameie
5425,Grønvold Hageby Borettslag
5426,Etterstadkroken 5E og F Sameie
5427,Hølandsgt. 1 A/S
5428,Holbergsgt. 11 Sameie
5429,Fridtjofsborg AS
5430,Holmboesgt. 4-6 Sameie
5431,Elveparken Sameie
5432,Fagerheimgaten 9 AS
5433,Lille Rosenlund Borettslaget
5434,Etterstadkroken 5 C og D S/E
5435,Gamle Kjelsåsvei 50 A/S
5436,Sandakervn. 33 Sameie
5437,Trondheimsvn.141-151 Sameie
5438,Utsigten Husvildekoloni
5439,Jordalgata 2 Borettslag
5441,Etterstadkroken 7 A og B BL
5443,Gøteborggt 49-51 Sameie
5444,Johannes Brunsgate 12C Sameie
5446,Skullerudbakken 8-10 Brl
5447,Skullerudtunet Terrasse Sameie
5449,Grenseveien 30 Borettslag
5452,Etterstadkroken 7 E og F Brl
5453,Skippergata 12 Sameie
5454,Sofiesgate 66 AS
5456,Skullerud Terrasse 1-4 S/E
5457,Bergverksgaten Borettslag
5458,Platousgate 11-13 Sameiet
5461,Arctandersgate 1 Boligsameie
5462,Tangerudskogen Sameie
5463,Etterstadkroken 5A og B Sameie
5464,Volvat Borettslag
5465,Schøningsgate 32 Boligsameie
5466,Ila Kvartal II A Borettslag
5468,Bj.Stallaresv3/9Trondheimsv163
5469,Schous Plass 5 Sameie
5471,Solvanglia Borettslag
5473,Enebakkvn. 18/Vålerenggt.1  BL
5474,SE Kragskogen Terrasse
5475,Skullerud Omsorg Borettslag
5476,Bentsegt. 6 Sameie
5477,Mikkel Doblougs Gate 9 AS
5478,Tåsen Borettslag
5479,Grefsenlia Terr. Boligsameie U
5483,Furulundveien 13 Sameie
5484,Nyhagen Boligsameie
5485,Stensberggt. 10-14 Boligsameie
5486,Vestgrensa Borettslag
5487,Grefsen Terrassehus Sameie
5488,Øvre Foss 10 AS
5489,Neuberggt. 2 Borettslag
5491,Lunden Hageby Huseierforening
5493,Åkebergveien 56 Sameie
5494,Hospitalhaven Boligsameie
5495,Stovnerbakken 2 Borettslag
5497,Nobelsgate 27 Sameiet
5498,Trondheimsveien199 Boligsameie
5500,Sameiet Sofienberg
5501,Nordre Kragskogen Boligsameie
5502,Sideros Sameie
5504,Ljabru Forretningssenter SE
5505,Eiriksgate 17 Boligsameie
5506,Eiksveien 50-52-54-56 Eiseksse
5507,Industrigaten 60 AS
5508,Torshov Kv VIII Borettslag
5509,Rosenborggata 5 Sameie
5510,Laura Gundersensgate 4 Sameie
5511,Ræverud Sameie
5512,Sofienberggt 13 A-E Sameie
5513,Parkgården Sameiet
5514,Bislett Borettslag II
5515,Bakkehaven Boligsameie
5516,Schultzehaugen Edens Hage Bs
5518,Ljanselva Borettslag
5520,Velhaven Boligsameie
5521,Pilehaven Boligsameiet
5522,Romsås Panorama Eierseksjonssa
5523,Oppsalveien 34 Boligsameiet
5524,St.Hanshaugterrassen Bs
5525,Schultzehaugen 1 Sameie
5526,Schultzehaugen 5 Sameiet
5527,Schultzehaugen 4 Sameie
5530,Østhorn Boligsameie
5531,Ringgatens Byggeselskap II AS
5532,Apalløkka Boligsameie
5533,Thorvald Meyersgate 26 Brl Utg
5535,Jonsrudveien 1 A-F Sameiet
5538,Det Glade Kvartal I Brl
5539,Maridalsveien 154 Sameiet
5545,Rolvsrud Studio I Sameiet Utg
5546,Carl Berner Terrasser Brlaget
5547,Voldsløkka Park Sameie
5548,Lisa Kristoffersens Plass SE
5550,Rathkesgt. 10 Sameiet
5551,Torshovgata 15 AS
5552,Fredensborg Sameie 1
5553,Jacob Aall Boligsameie
5554,Hertug Skulesgt. 15 Sameie
5556,Borghaven Sameiet
5557,Ringnes Park Øst 3 Sameie
5558,Ringnes Park Øst 4 Sameie
5559,Stockflethsgate 60 Borettslag
5560,Fredriksborg Boligsameie Utg
5561,Vålerengaparken Borettslag
5562,Lassonsgate 8&10 Sameiet
5563,Lassonsgate 2,4 og 6 Sameie
5564,Løkkegangen 1 og 3 Sameie
5566,Elvebredden Nedre Sameiet
5567,Elvebredden Øvre Sameiet
5569,Frognerkompleks Eierseksjoner
5570,Harry Fettsvei 7A Sameie
5572,Dannevigsveien 10 Borettslag
5573,Baglerhagen Boligsameie
5574,Baglerløkka Borettslag
5575,Baglerenga Boligsameie
5577,Baglerhaugen Boligsameie
5578,Baglerlunden Brl
5581,Elisenbergvn. 4 Sameiet
5584,Parkstredet Boligsameie
5585,Brånåsen Panorama Borettslag
5586,Stensgaten 35 Sameie
5587,Cort Adelersgate 17 Sameie
5588,Vestli Sameie
5589,Hansteensgate 9 Sameiet
5591,Solsiden 1 Boligsameie
5593,Nordahl Brunsgt. 18 Borettslag
5594,Platousgate 11 Borettslaget
5598,Åslandrabben Sameie
5604,Lilleborg B6 Sameiet
5607,Haugensletten Boligsameie
5608,Bogstadvn 58 Sameiet
5610,Ekerud Boligsameie
5611,Cort Adelers Gate 14 Sameie
5612,Vestre Voksen Sameie
5614,Munkegata 3 Borettslag
5616,Solhellingen Boligsameie
5617,Arendalsgta 14 Sameiet
5619,Sverresgate 1-3 Borettslag
5620,Ullevålsveien 111 Sameie
5621,Bøler Senter Borettslag
5624,Torshov Kva. Xiv B Boligsameie
5627,Bestumkilen Boligsameie
5628,Sjølystpromenaden Boligsameie
5629,Parkhaven Boligsameie
5630,Theresesgate 14B Sameiet
5631,Skullerud Parken Borettslag
5636,Hoffsparken Boligsameie
5639,Haakons Have Boligsameie
5641,Hafrsfjordgate 24/26 AS
5642,Det Glade Kvartal Borettslagii
5643,Konglerudtoppen Bs
5644,Smiejordet Sameie
5645,Ringgatens Byggeselskap I AS
5646,Kolbjørnsrud Borettslag
5647,Rolvsrud Park II Sameie
5648,Tåsenløkkens Boligselskap Brl
5650,Bakkev 3-5-7-9 og Ø Skogv 8 SE
5651,Elstersgate 2 Sameie
5653,Årvollskogen Boligsameie I
5655,Solhaven Boligsameie
5657,Professor Dahlsgt 39 AS
5658,Øvre Veitvet Borettslag
5659,Grefsen Vest Panorama Sameiet
5663,Jacob Aallsgate 3 Sameie
5664,Parkveien 13 Sameie
5665,Utsyn Boligsameie
5666,Bjerregaardsgates Boligs. AS
5667,Parkhuset Sameiet
5669,Ringnes Park Øst 8 Sameie
5673,Skullerudhagen Borettslag
5674,Sleiverud Boligsameie
5676,Ringnes Park Øst 5 Sameie
5677,Ringnes Park Øst 6 Sameie
5678,Ringnes Park Øst 7 Sameie
5679,Studio Pilestredet Sameie
5682,Skullerudlunden Borettslag
5688,Bestumveien 2 Sameie
5705,Solsiden 2 Boligsameie
5714,Grorud Torg Sameiet
5715,Skole-Bakken Sameie
5726,Stovnersletta Boligsameie
6001,Bolteløkka Alle 10 Ans
6003,Tøyengata 15 Borettslag
6007,Løvenskioldsgate 3 A/S
6009,Ulven Borettslag
6012,Treschowsgate Terrasse E A/S
6014,Furutoppen Boligsameie
6016,Schøningsgate 25 Sameiet
6017,Sameiet Schous Plass 3 A-D
6019,Brinken 9-13 Sameiet
6021,Søndre Kragskogen Boligsameie
6027,Bråtenalleen 36 Sameiet
6028,Brekkelia Borettslag
6032,Nygårdkollen Boligaksjeselskap
6033,Grefsenveien 17 Boligsameie
6036,Vestliplatået Boligsameie
6037,Bergensgata 3 Borettslag
6041,Unibo Sameie
6043,Vibesgate 14 Sameiet
6044,Evald Ryghs Gate 16 A/S
6047,Torshov Kvartal 3 B/L
6048,Vestlisletta Huseierlag
6055,Københavngaten 14 Sameie
6058,Gimleveien 24 S/E
6059,Vestliberget Boligsameie
6060,Sarpsborggt. 16 Sameiet
6062,Torshov Kvartal XIII B/L
6064,Ullernbakken Boligsameie
6067,Magnus Bergs Gt 6 A/S
6070,Treschowsgt. Terrasse D A/S
6073,Jarlegate 19 B/L
6078,Eika 2 Sameie
6079,Nordre Åsen Kv Iia B/L
6080,Johannes Brunsgt.12 d/e AS
6082,Fbk Sameiet
6083,Manglerudvn 62-148 Grendelag
6084,Bjørn Stallaresv. 21/29 B/L
6091,Kjelsåshaugen S/E
6093,Valdresgt 16 S/E
6096,Nils Huusgt. 22 Sameiet
6097,Bentsebrugt 25 A/S
6099,Bentsebrugt. 29/31 B/L
6101,Holenløkken II A/S
6509,Camilla Collettsv 20 SE
6517,Gyldenløvesgt 14 S/E
6530,Kolås B/S
6534,Ole Fladagers Gate 10 AS Utg
6535,Nedre Prinsdalsbråten Boligsam
6537,Neuberggt 9 S/E
6578,Vestliterrassen B/S
6720,Oslo Røde Kors Eiendom AS
6724,Mogens Thorsens Gate 10
6728,Silurveien 14
6729,Fr Stangsgt 23
6883,Bygdelagssamskibnaden
6887,Chr. Michelsensgt. 15 AS
6892,Trondhjemsveien 179-185 AS
6893,Schouparken AS
6940,Ica Eiendom A/S
7909,Holmen Senterdrift AS
8731,Brinken 49
8732,Skedsmogt 10
0024,Munkegården Borettslag
0031,Etterstad Nord Borettslag
0099,Etterstad Vest Borettslag
0109,Gaustadfunksjonærenes B/L
0130,Søsterhaugen Borettslag
0155,Keyserløkka Forretningsbygg
0157,Pynten Forretningsbygg
0172,Kalbakken Fyrhus Sameie
0180,Tokerud Servicesentral S/E
0184,Stift Støttelagets Personalbol
0190,Hovseter Vaktmestersentral
0209,Rektorhaugen Borettslag
0251,Langmyra Borettslag
0272,Jomfrubråten Borettslag
0362,Nordtvedtjordet Borettslag
0372,Ravnkollen Borettslag
0373,Røverkollen Borettslag
0374,Svarttjern Borettslag
0375,Emanuelfjell Borettslag
0376,Tiurleiken Borettslag
0378,Orremyr Borettslag
0396,Ellingsrudåsen Borettslag
0397,Karihaugen Borettslag
0406,Etterstadsletta 46 Borettslag
0442,Karilia Borettslag
0471,Hallagerbakken Borettslag
0473,Storfjellet Borettslag
0474,Øvre Ravnåsen Borettslag
0501,Vestskrenten Borettslag
0502,Nordre Åsgården Borettslag
0503,Søndre Åsgården Borettslag
0507,Tirilltoppen Borettslag
0528,Bogerud Garasjelag A/L
0529,Liakollen Borettslag
0546,Nedre Ravnåsen Borettslag
0551,Midtre Ravnåsen Borettslag
0570,Åstun Boligsameie
0575,Tirillsletta Borettslag
0598,Gøteborggata BL
0603,Krystallen Borettslag
0614,Høgåsen Borettslag
0617,Furulia Borettslag
0620,Krummedike Borettslag
0857,Korsgata 16 Sameiet
1044,Sundenga Boligsameie
1056,Brenninghaugen Huseierlag
1084,Tonsenhagen Vaskerier
1107,Solhaug Garasjelag
1113,Boligsameiet Idunsgate 5
1123,Thorvald Meyersgate 79 Brl
1153,Sameiet Drøbak Golf Panorama
1169,Boligsameiet Sorgenfrigaten 1
1173,Sameiet Lilleakerveien 27
1202,Alna Terrasse Boligsameie
1204,Stang Terrasse Boligsameie
1231,Jenssens Have Sameie
1721,Sameiet Kalbakken Vaskeri
3015,Simensbrekka
3054,Vogtsgate 10 - 28
3058,Glimmerveien
3924,S/E St.Halvardsgate 59
3927,Sameiet Schultzgate 5
4108,Sameiet Slottsfjellet
4109,Sameiet Slottsbakken
4121,Vevelstadåsen Sameie
4122,Vevelstadskogen Sameie
4123,Vevelstadlia Sameie
4134,Sætreskogveien
4139,Garasjehuset Søndre Skrenten
4143,Bs Jomfrubråtveien 25
4163,Bs Nordbyhagen 111-157
4165,Bs Solåsen Terrasse
4166,Sameiet Rådhusgaten 26
4167,Øståsen Bs
4222,Nedredammen Boligsameie
4295,Sameiet Slottslia
4299,Sameiet Slottsåsen
5017,Trondheimsveien 111 S/E
5022,Fossveien 12 Borettslag
5049,Søndregate 10 Borettslaget
5066,Sørkedalsveien 1 S/E
5071,Romsdalsgt.5 Sameiet
5077,Inkognitogate 22 A/S
5091,Frysja B/L
5120,Jope AS
5124,Romsdalsgt.10/Falsensgt.25-33
5133,Tonsenhagen 16 S/E
5153,Lakkegt. 73 S/E
5217,Tonsenhagen 21 Sameie
5221,Solbakken 1 Boligsameie
5234,Kampengata 28 B/L
5255,Niels Juelsgt. 6 Sameie
5262,Aasen Garasjelag AS
5290,Villaveien 5-15 B/L
5308,Årvollia Eierforening
5309,Ammerudsletta Borettslag
5322,SE Sannergata Øvre Foss Felles
5331,Sørkedalsveien 3 Sameie
5333,Torshovgaten 5 Sameie
5343,Herregårdsterrassen Sameie
5351,Marselisgt 31 BL
5357,Holmlia Boligsameie
5381,Grønlandsleiret 10 SE
5396,Josefinesgate 33 Sameie
5398,Calmeyersgt. 4 S/E
5411,Rådhusgata 21 Sameie
5416,Kirkeveien 112 Borettslag
5450,Universitetspensjonistenes Brl
5451,Etterstadkroken Garasjeanlegg
5472,Vossegt. 34 Sameie
5528,Schultzehaugen Vel
5536,Pilestredet Park Garasjesameie
5568,Elvebredden Garasjesameie
5652,Hasletoppen Boligsameie
6002,Kringsjåbygg Sameie
6005,Sognsletta Huseierforening
6026,Smålensgata 11 Sameie
6029,Hagelundveien 2 A/S
6034,Prof.Dahlsgate 31 og 33 Sameie
6039,Øvre Kringsjå Borettslag
6053,Vestlimyra Garasjelag
6056,Tonsenhagen I Sameiet
6066,Tonsenhagen 12 Sameiet
6081,Høyenhall Terrasse Boligsameie
6088,Brekkelia Garasjelag
6508,Bølerskogen Brl II Gar.Lag A/L
6541,Rudshøgda Terrasse B/S
6564,Tonsenhagen 15  S/E
6566,Tonsenhagen 17 Boligsameie
6568,Tonsenhagen 19 Boligsameie
6582,Øvre Grønlivei 16 S/E
6879,Gransdalen 29 AS
8734,Schwensens Gate 6
8736,Trondheimsvn. 403
8737,Trondheimsvn. 405
8738,Urtegt. 6 A og B
1201,Nygaard Stang Boligsameie
5689,Nordre Skrenten 1 Sameiet
1057,Brenninghaugen Garasjelag
1048,Fjellhushaugen garasjelag I
0470,Skovbakken Borettslag
1176,E-Sameiet Malerhaugveien
1407,Boligsameiet Ensjøveien 24-26
5590,Sjølyststranda Drift
5704,Ringnes Park Øst Gårdsrom
6872,Bygningsarb. Hus H.Ibsensgt.7
0046,Etterstad Øst Borettslag
1179,Sameiet Bygdøy Alle 115/117
3715,Grefsen Brannstasjon S/E Utg
4019,Ullevålsvn 48 E  SE
4040,Lodalen Utvikling AS
5264,Akersveien 24 Sameie
5686,Jacob Aallsgt. 1 Sameie
5762,Gabelsgate 46 Sameiet
1190,SE Cort Adelers Gate 20
0255,Manglerud Senter
0363,Ammerud Varmesentral AS
1193,Krokstien Brl
1191,Sameiet Haakon Den Godes V 16
0355,Ellingsrudåsen Vaktmestersentr
1175,Hagan Atrium Brl
1166,Sølfastøya Elvepark Brl
1192,Sameiet Voksenkollveien 5
1154,Baandfabrikken Brl
1182,Brl Jørgen Moes Gate 1 B
1186,Borettslaget Bygget 1972 Ua
1177,Sameiet Preståsen Park II
1185,Sameiet Nordraaksgate 4-6
5243,Ryenstubben IV Garasjelag
1174,Sameiet Hagan Atrium
1178,Sameiet Jens Bjelkesgt 9 Utg
6076,Manglerudvn 62-72 Sameie
3997,Thunesvei 13 S/E
5720,Pilestredet Park 11-13 SE
5729,Pilestredet Park Økodrift(ppø)
0571,Ellingsrud Grendehus Sameiet
0634,Ballparken Borettslag
8501,Youngstorget 3 AS
0613,Ryenbergveien Borettslag
5606,Skillebekken Borettslag
5743,Grefsen Bad Borettslag
5716,Kirkeveien 49 Borettslag
5697,Frederik Stangsgt. 4 Sameie
5534,Nesodden Terrasse Borettslag
5713,Riddervoldsgate 3 Sameie
5724,Frysjaveien 27 Sameie
5362,Skullerudtunet 1 BL
5683,Triaden Sameie
5730,Gulodden Hyttesameie
1183,Sølfastøya Garasjelag
5000,OBOS Eiendomsforvaltning AS
2235,Lillo Butikk
4911,Casinetto B/L's Barnehave
7000,HBRI AS
5490,Etterstadkroken Vel
5549,Bergensgate 26 Garasjesameie U
5529,Schultzehaugen Garasjesameie
5440,Jordalgata 2 Sameie
5699,Christofferstunet AS
5764,Eiksveien 67/69 Sameie
1199,Sameiet Edv.Griegs Vei 3-5
1302,Sameiet Kystad Terrasse
1172,Parkeringssameiet H 16
6804,Ensjøveien 25 AS
5579,Baglerbyen Garasjesameie
1423,Sameiet Blomsterenga
5455,Lunden Hageby Vel
5064,Havnagarasjene AS
0597,Breimokvartalet Sameie
1194,Sameiet Teglverksgata 9
1254,Løkenhavna/Huseierf.
0558,Haugerud Varmesentral AS
0609,Gøteborggata 31 Eiers.Sameie
5595,Damsgård Ungdomsboliger Brl Ut
5695,Parkens Garasjesameie
5696,Brochmannsgate 3 Sameiet
5700,Nydalen Kvarter Sameie
5690,Nordre Skrenten 4 Sameiet
5761,Nordahl Brunsgate 9 Borettslag
5694,Hesteskoen Ferie Borettslag
5731,Karihaugen Boligsameie
5734,Elveveien Terrasse Boligsameie
5605,Det Lille Grønne Sameiet Utg
1315,Brl Nedre Møllenberg Gt 76 C
1314,Brl Nedre Møllenberg Gt 72
5649,Ekebergkleiva Borettslag
5672,Nedre Skogvei Sameiet
5773,Skullerudhagen Parkering S/E
5725,Rødstuveien 2/14 Boligsameie
5448,Skullerudtunet Garasjesameie
5314,Utsikten Boligsameie
1342,S/E Rosenborg Park B5/B6 Utg
1399,Dalgårdstunet Sameie
1397,Sameiet Mellomila 92-94
1341,Sameiet Rosenborg Park B3 Utg
1335,Sameiet Vikhov Park B1
1389,Sameiet Valentinlyst Garden
1137,Borettslaget Paulus Plass 5
5765,Vestlia 1 Sameie
1393,Sameiet Eplehaven
1343,Olderdalstunet Sameie
5698,Svaneveien Sameierlag
5728,Guristuveien Borettslag
1036,Bs Folke Bernadottesvei 10-30
6928,Armada Eiendom AS
5661,Sølvberget-Borettslag
5722,Løkkehusene Boligsameie
5580,Baglerstredet Fellesareal SE
5634,Sjølystgården Boligsameie
1380,Sameiet Norhallen Terrasse
1381,Sameiet Parken
1373,Solveien Sameie 10-12
5261,Lillomarka Boligsameie
5537,Hallingsgate 3 Sameie
8733,Conradisgate 2
3730,Væringkleven 1 AS
5016,Carl Berner Forretninger A/S
6542,Rudshøgda Terrasse Huseierlag
5670,Soria Moria Ferie Borettslag
5638,Smartapart 1 Borettslag
3735,Hammerfestgata 7 S/E
5756,Enebakkveien 15 Borettslag
1383,Borettslaget Nordsiveien 45
1356,Sameiet Nedre Ila 3
5732,Motzfeldtsgate 29-31-33 Brl
0021,Etterstadsvingen Borettslag
1350,Sameiet Brudalstunet
0217,Etterstadgarasjene A/S
5769,Borettslaget Collettsgate 50
0068,Treschowsgaten Nær.Lokaler A/S
6402,Lodalen E2 Da
0320,Romsås Vaktmestersentral
0391,Tokerud Varmesentral A/S
5313,Rudshøgda IV Huseierforening
5075,Vallerudåsen Huseierforening
1305,Borettslaget Elvebredden
1319,Borettslaget Stabelvollen
5662,Gaustatunet Borettslag
1307,AS Fjellseterveien 12/14
5778,Leiv Eirikssonsgate 5 Sameie
5609,Quadraturen Eierseksjonssameie
1187,Borettslaget Casa Calmeyer
1196,Lissefabrikken Borettslag
1198,Borettslaget Chr.Krohgs Gt 43
1207,Sameiet Røa Terrasse
1188,Sameiet Casa Calmeyer
5739,Fjordveien 88 Sameie
0326,Bogerud Varmesentral A/S
1195,Sameiet Lissefabrikken
5755,Uelandsgate 24 Borettslag
5317,Stockflethsgt. 51
5330,Sagene Ring Vel
1230,Teglverket Borettslag
0876,OBOS Forvaltor AS
1344,S/E Okstadplassen 33-35-37 Utg
0637,Fredensborg SE II
1312,Sameiet Jordbærsti1
5660,Elvekanten Brl
5253,Albertine Borettslag
1197,Tærud Garasjesameie
4912,Skøyen Vest Søppelsug Sameie
5625,Heimdalsgata 4 Borettslag
3945,Solbakken Barnehage
0628,Rosenholm  Garasjesameie
5635,Karenslyst Plass Sameie
1303,Bs Storbakken Terrasse
1284,Sameiet Stillverksveien 20og22
1285,Sameiet Stillverksveien 24og26
5707,Solsiden 4 Boligsameie
5735,Haugerudhagan Borettslag
0610,Norbygatekvartalet Sameie
1409,Skogen Boligsameie
5640,Wøyen Torg Borettslag
5633,Hoffselva Boligsameie
5692,Studio Pilestredet Garasjesame
0218,Kaldbakken Forr.Bygg II
5388,Rudshøgda IV C Sameie
2012,Pilestredet 53
0269,Homannsbyen Næringslokaler
0629,Rosenholm Utomhussameie
5637,Vestparken 1 Sameie
0350,Ammerud Senter
0319,Byggveien Garasjer
0587,Norbygata  3-9-13 Borettslag
0133,Teisen Vest Forretningsbygg
0119,Flaen Forretningsbygg I
5623,Garman Borettslag
5691,Nordre Skrenten Garasjehus
5681,Skullerudløkka Borettslag
0633,Fredensborg Garasjesameie
5656,Melbygården Borettslag
5754,Grefsentoppen Boligsameie
1368,Sameiet Stubbantunet
5304,Jessenløkken B/L
1375,Sameiet Nobø B2
1395,Sameiet Abrahamsengården Utg
5311,Toppen Boligsameie
1351,Eierseksjonssameiet Heimdal Te
1365,Sameiet Mellomila 90
5618,Nye Major Borettslag
5632,Sofienberggata 2 B-C Sameie
5626,Heimdalsgata 4 Sameie
5146,Folkvang Boligselskap AS Utg
5748,Borettslaget Baglerbyen
5703,Ringnes Park Øst Garasjesameie
1316,Brl Nordre Hallset Vei 85 89
5307,Lutvann/Haukåsen Felles
1337,Sameiet Nedre Singsakerslette
0204,Teisengarasjene A/S
1340,Solveien Sameie
8101,Rastaskogen Garasjelag
1313,Borettslaget AL Munkvold I
1406,Sameiet Stasjonsveien 49
0231,Stiftelsen Bergslia
1349,Sameiet Strandheim Terrasse Ut
6090,Manglerudveien 74-92 S/E
5542,Pilestredet Park Utomhus Bogl
2258,Nordbygata 3-9-13 Næringslokal
5711,Svingen 9 Borettslag
1354,Boligsameiet Kystad Vestre
1362,Sameiet Myrgrinda
5712,Lindeberg Terrasse Sameie
5229,Gamle Hovsetervei 2 A Garasje
1327,Sameiet Danielsbakerveita 7
1320,Røkeriet Borettslag
5737,Portalen Borettslag
5770,Erling Skjalgssonsgate 22 SE
1324,Esptunet Brl
1331,Sameiet Okstadplassen 34-36-38
5723,Uvdal Alpinsenter Ferie Brl
5680,Bøler Senter Eierseksj.Sameiet
1422,Sameiet Moksneslia Terrasse
1376,Sameiet Nobø B3
1410,Sameiet Vollsveien 76
1416,Stensberggt 23 Sameie
1378,Sameiet Nobø B5
1377,Sameiet Nobø B4
1382,Lena Borettslag
5759,Smartapart 2 Borettslag
1379,Sameiet Nobø B6
0192,Furuset Vaktmestersentral
1363,Sameiet Klæbuveien 179
1433,Sameiet Sandgata 2
5771,Åstadtunet Boligsameie
1434,Aasheim/Høiset Velforening
1405,Lund Boligsameie
5777,Portalen Sameie
5749,På Første Rad 1 Borettslag Utg
5675,St Edmunds Vei Borettslag
5750,På Første Rad 2 Borettslag
6071,Høyenhall Huseierlag
3739,Olaf Ryesplass 1 Brl
2194,Oppsal Kjøpesenter
0801,E3 Prosjektstyring AS
0818,Nye Hjem Ramstad AS
1329,Solgården Sør Borettslag
1394,Sameiet Kvitsteinveien Terrass
5613,Vestre Voksen Fellesarealer
5622,Kiellands Hus Sameie
2633,Refstad Parkeringshus
5347,Thv. Meyersgt. 35-41 SE
5710,Solsiden Utomhussameie
1396,Sameiet Brøsetvegen 145D
1345,Sameiet Elvehavn Brygge J og K
6045,Manglerudveien 108-114 S/E
5709,Solsiden 7 Boligsameie
1283,B/S Nyhuskollen Panorama
5364,Skullerudtunet 3 BL
5721,Pilestredet Park 11-13 Brl
5165,Helgesensgate 10 Brl.
5100,Thorvald Meyersgt 15 og 17 B/S
5047,Jens Bjelkesgt1/Rathkesgt 5 Ut
5078,Bleikeråsen Sameie
5074,Dælenenggt.29 Boligsameiet Utg
5128,Sollerudgrenda Boligsameie Utg
5151,Borggata 4-6-8 Boligsameie Utg
3731,AS Colletts Gate 12
0565,Lambertseter Sentrum III
3756,Granstunet Parkering AS
0643,Sofies Hage Borettslag
4114,Holmåsen Terrasse 1 Bs
5596,Borettslaget Verven Panorama
5738,Klosterhagen Borettslag
0648,Pileparken Boligsameie
1286,Sameiet Rødskogkvartalet
7904,Ssi Lillestrøm Senterdrift AS
5768,Årvollskogen Boligsameie II
0874,Centrum Eiendomsbestyrelse AS
0230,Hammersborg I og II
9900,Mortensrud Gård
5684,Hasleveien 15 Borettslag
5460,Elveparken Borettslag
5685,Tiedemannsjordet Eiers.Sameie
5687,Frydenberg 1 Borettslag
5706,Solsiden 3 & 5 Boligsameie
5708,Solsiden 6 Boligsameie
5717,Dronningensgate 24 Borettslag
5719,Solhøytunet 1 Borettslag
5727,Lørenskog Sent.Vest Gar.Se 1
5733,Langsethveien 16 Borettslag
5736,Kampenmek 2 Borettslag
5741,Wexels Plass Abc Sameie
5742,Wexels Plass F Borettslag
5745,Nesset Fjordterrasse Sameie
5746,Prins Oscars Have Brl
5747,Zitty Borettslag
3982,Skogstunet Borettslag
5751,Nærheten Borettslag
5752,Persaunet Ekstra 1 Borettslag
5753,Håkon Magnussonsgate Brl
5757,Sognsveien 2 Sameie
5758,Vestparken 2 Borettslag
5760,Castbergtunet Borettslag
5763,Worse Borettslag
5766,Sofies Hage Boligsameie
5767,Sofies Hage Garasjesameie
5776,Sagaveien 13 Sameie
5718,Dronningensgate 24 Sameie
7902,Farmandsstredet Drift AS Utg
5445,Frydenbergveien 45 Sameie Utg
3754,Strømsveien 240 B/S
0221,Huitfeldtsgate 34 A/S OFB
5338,Stift Kreditks Pensjonistbol
0584,Jordal Forretninger
3710,Markveien 13 Borettslag
1391,Høiset Terrasse Sameie
0047,Etterstad Forretning
4291,S/E Holtnes Brygge Spa Senter
4292,Sameiet Holtnes Brygge
1357,Sameiet Søbstadveien 29
1370,Sameiet Taraldsgårdsveita
1426,Sameiet Akka Bakka
5791,Alfheim 25-39 Sameie
3996,Røysvegen 41-49 B/S
1358,Østre Rosten Borettslag
1328,Sameiet Nordalsvei 1
5774,Skullerudhagen Utomhus Sameie
1371,Sameiet Cafe G
5783,Åkebergveien 32-34 Sameie
6814,Rosenborggaten 12
0084,Valle-Hovinhuset
7907,Steen&strøm Drift AS  (oslo)
3711,Claus Riis Gate 7Sameie
1304,Boligsameiet Vikåsen 2
3753,Skådalsveien 36 S/E
3985,S/E Lambertseterveien 19
2132,Lambertseter Sentrum I, II
2244,Lambertseter Industri
3745,Fagertun Villakomplex AS
4052,Bertilia Boligsameie
4183,Salmaktertunet 2,4,10 Sameie
4185,Salmakertunet Garasjeanlegg
4186,Salmakertunet Utomhusanlegg
5597,Mølletoppen Borettslag
1430,Brl Studio Breidablik
1392,Yngrebølgen Borettslag
1124,Gimlekvartalet Sameie
1388,Brekkåstunet Borettslag
1114,Bogstadveien 34 AS
1386,Orkdalsveien Borettslag
6878,Jens Bjelkesgt 82
1384,Borettslaget Otto
1366,Munkvoll Borettslag
5039,Bøgata 12
5058,S/E Minister Ditleffsv 23 Utg
0750,OBOS Hetland Eiendomsforv. AS
5781,Torshovgata 8 Sameie
4296,Kragerø Golf & Spa Resort 3
1287,Sameiet Nobels Gate 18
4238,Kolbotn Park Bs
3746,Falsensgate 27 B/S
6885,Kirkeveien 72
6778,Vestbanealleen Næring AS
2503,Kjøttbasaren Byens Basar AS
3707,Tangerudbakken 22-36 Brl
5795,Rortunet Sameie
5784,Livet På Lade
3766,Nobelsgate 35 S/E
3979,Lilleborg Brl
7900,Metro Drift AS
5779,Raadhushaven Sameie
6038,Holenløkken A/S
6952,Theresgate 46
1002,Trosterud/Lindeberg Bolign.Utg
6074,Holenløkken III  A/S
1601,Sameiet Byfjorden Panorama
1438,Solbakken Velforening
0635,Mikkelsgrenda Borettslag
1602,S/E Gauselbakken Panorama IV
8735,Grønlandsleiret 10
1398,Nidarvoll Borettslag
1606,S/E Rundeskogen III
1360,Borettslaget Villa Sæterli Utg
5800,Suhmsgate 20 Sameie
2628,Ammerudkollen Parkeringshus
2615,Oppsal Parkeringshus
3009,Oppsalstubben 3
1429,Sameiet Rosenborg Park B4
1604,S/E Rundeskogen I
0646,Borettslaget Eufemia
4162,Sjøhagen 1 Boligsameie
0012,Helgesensgate 12 - 14
2626,Solfjellet Parkeringshus
8636,Rogaland Eiendomsmegling AS
1309,Borettslaget Haldensgt 12 Utg
3727,Grønland 26 B/S
1289,Halvdan Svartes Gt 4
5793,Pilestredet 103 Borettslag
6723,Gabels Gate 38
4068,S/E Waldemar Thranesgt 30
5792,Utsiktstoppen Borettslag
3014,Jess Carlsens Gate 4
0638,Skøyentorget Borettslag
0641,Turbinen II Borettslag
1605,S/E Rundeskogen II
9843,Konowsgate 9 AS
3755,Ullevålsveien 65 S/E
3977,Ullevålsveien 93 S/E
3700,Lyngvollen Borettslag
1420,Området Ringvål
5811,Nordraaksgate 3 Sameie
3721,Mohagen III B/S
7903,Downtown Drift AS
7908,Nordbyen Senterforening AS Utg
3734,Nedre Prinsdalsvei 109 Brl
3729,S/E Torshovgt 4
2317,Tveita Senter
1290,Rødberget Garasjelag
1317,Borettslaget Nygata 12-14 Utg
4069,S/E Josefinesgt 28
4065,Dalsveien 78-82 S/E
3901,B/S Welhavensgt 6
3918,B/S Hafrsfjordgate 31
3989,Flafjellet Borettslag
3975,S/E Markveien 59
3701,Borgentoppen Borettslag
3708,S/E Tøyengata 17
3709,Brl Tøyengata 17
3748,Bergensveien 40 Brl
3725,Markveien 22 Brl
1616,S/E Hundvåg Alle
3744,Ny York Borettslag
3747,Helgesensgate 24 Brl
3743,Skogkanten 1 Brl
3758,Odinsgate 2 B/S
3714,Schwensensgt.16 S/E
5806,Knut Alvssons Vei 33-43 Sameie
6721,Oslo Røde Kors Eiendom AS
6711,Stiansen Eiendom A/S - Adm.
1326,Vestre Rosten 53 Brl
3769,Brl Thorvald Meyersgt 42
3713,Oppegårdsgata 8 S/E
3913,S/E Tostrup Terrasse 9
1607,S/E Rundeskogen IV
4006,Pilestredet 66 Sameie
5809,Hasleveien 15 Sameie
1288,Vallefjell I Borettslag
1609,S/E Verven 10
1611,S/E Verven 14
1421,Skjettengrenda Borettslag
0640,Turbinen I Borettslag
0636,Mikkelshøgda Borettslag
0639,Borettslaget Sverre
0642,Rolvsrud Park Borettslag
0644,Torgveien Borettslag
0645,Kamomille Borettslag
0649,Rolf Hofmos Borettslag
3762,Majorstuveien 41 S/E
6722,Fredrik Stangsgate 11/13
1610,S/E Verven 12
1612,S/E Badedammen Vest
3718,Kongsveien 81 D-J S/E
6953,Herman Foss Gate 2 AS
5807,Leilighetssameie Gulodden
1613,S/E Stokka Terrasse
7901,Vika Drift AS
4020,Brl Bygdøyveien 19
2800,Hammersborg Eiendomsdrift AS
2620,Byggveien Garasjer
2507,Hotell 33 AS
0650,Stenbråten Borettslag
5798,Sameiet Son Brygge Havnegata 3
5799,Sameiet Son Brygge Havnegata 5
0420,Karihaugen Senter
1603,S/E Bredegården
5788,Frydenberg 2 Borettslag
3003,Cecilie Thoresens V 17
1618,S/E Malmgården
3763,Langgata 3 Brl
3740,Olaf Ryesplass 1 SE
2623,Rustad Parkeringshus
0265,Leirfallsgata Næringslokaler
2010,Møllergata 39
5814,Sagveien 9-11 Sameie
4159,Bs Nordbyhagen 11-67
2069,Nordre Åsen Forretningsbygg
3772,Etterstadgata 9 S/E
3717,Maridalsveien 169 S/E
1617,S/E Sjøhuset Verven
1353,SE Kongensgt 56,ut
6098,Kolås Boligsameie
1608,S/E Rundeskogen V
4034,Gamle Kjelsåsvei 50 AS
6718,Fagerborgata 48
5782,Elvebredden Notodden Brl Utg
6965,Sandskollen Utvikl.Selskap A/S
1292,Brl Bergsliens Gt 1
3749,Nordraaksgate 5 S/E
8739,Liakollen 18 og 20
9990,Føringsselskap OBOS
5796,Svartdalsparken Borettslag
6944,Enebakkveien 47
2255,Manglerud Senter
6539,Platousgt 11-13-15
5780,Raadhushaven Borettslag
6951,Ryenbergveien 70 AS
9505,Ulsrudveien
2283,Abellund Forretning
0307,Bryn-Garasjene
1431,Borettslaget Voldsdalsberga
5340,Biørnehaven Sameie
1435,Fellessameiet Nobø
0056,Kaldbakken Forr.Bygg 1
3774,Olav Ryesplass 7 Brl
3738,Solveien 138 C B/S
5830,Belsetveien Boligsameie
5104,Rudshøgda IV Grendelag S/E Utg
1291,SE Adolph Tidemandsgate 20-22
0264,Manglerudvangen Garasjer
3742,Jongskollen Boligsameie III
5824,Boligsameiet Holmenskogen
1428,Sameiet Birkebane
6942,Maridalsveien 169 A + B
0295,Hellerud Parkeringshus
3775,Nobelsgate 39 S/E
5828,Åstad Panorama Boligsameie
5801,Magnusgate 1 Borettslaget
5816,Schweigaardsgate 89/91 Brl
5827,Uranienborgveien 11 A Sameie
5013,John Brandts Vei Sameierfor Ut
1436,Sameiet Mellomila 83-87
1293,Spireaveien 10 B Brl
0309,Stallerudåsen Garasjer
5826,Sameiet Trondheimsveien 43
1441,Utleir Velforening
5144,Tokerudtoppen Garasjelag S/E U
9902,Wilhemsgt 1
5836,Vestparken 3 Borettslag
9901,Etterstadgt.2,24,27
0499,Ravnåsen Forretning
2600,Oslo Garasjene A/S
6406,Kb Sætra Da
5829,Skøyenhagen Boligpark Sameie
6803,Karlstadgata Utbygging Ans
3777,St.Olavs Gate 3 Sameie
5822,St Edmundsvei 29-31 Sameie
5067,Prestsletta Huseierforening SE
5803,Skogmotunet Borettslag
6895,Solodden AS
0013,Trygdeboliger M/Regnskap
3932,Granstunet Eiendom AS
3760,St.Halvardsgt. 1A  Brl,utgått
3728,Sandakerveien 29 S/E
2625,Hamborg Garasjer
0986,Nordmøregata 4
5702,Nydalen Kvarter Garasjesameie
3768,B/S Kirkegata 7 A
5844,Keysersgate 4 Sameie
3001,Ammerudveien 19
1620,Sandeidgt. 49 Sameie
5036,Thorvald Meyersgt 79 B/L Utg
0435,Romsås  Næringsbygg
5817,Gaustatoppen Panorama Sameie
2611,Manglerudvangen Garasjer
5813,Sagveien 13-19 Sameie
6773,Idrettsveien 13 AS
1450,Brl Torshov Kv.Xvi
5819,Frydenberg 3 Borettslag
0653,Rolvsrud Park Blokk L Brl
3008,Nedre Kalbakkvei 2-4
0879,Basale AS
0062,Chr.Krohgsgt.10/12
5840,Oslo Panorama Ekeberg Sameie
6776,Gydas Vei Da
3780,Klosterheimen Sameie
3764,Klosterheim Sameie
3781,Theresesgate 14 S/E
5223,Grantunet Huseierforening Utg
0348,Ammerud Super
1540,Sameiet Hinna Brygge II
3757,Pilestredet 59 B/S
5812,Sameiet Fagerborggata 27
3750,Dælenenggate 16 Brl
5837,Lørenskog Sent. Vest Gar. SE 2
0241,Brekke Forretningsbygg
0392,Haugenstua Senter
0371,Solfjellet Parkeringshus
0325,Avstikkeren Garasjer
0386,Grasveien Garasjer
0208,Hellerud Forretningsbygg
0207,Stamhusveien Garasjer A/S
0206,A/S Havna Garasjene
0271,Pilestredet 47 Næringslokaler
1471,SE Toftes Gate 14
1475,Furumoen Boligsameie IV
1468,SE Olaf Schous Vei 7-9-11
1474,Furumoen Boligsameie III
5818,Holmenkollen Terrasse Bs
1451,SE Gulleråsveien 20
1455,SE Thunes Vei 9
1149,Fellesregnsk Herregårdsv 5,3,7
1483,SE Kråkstadveien 1
1476,SE Bygdøy Alle 20
3703,S/E Tåsenveien 122 B
3002,Ballplassveien 2
6900,Tverråsen 19
5056,Furulund III A/S
5825,Vinderenbekken Borettslag
5843,Ljan Terrasse AS
1466,SE Thomas Heftyes Gate 31 Utg
2029,Christies Gate 5-7, Bergen
1460,SE Briskebyveien 48
1461,nr tatt i bruk i Hbri-versonen
5838,Vestparken 4 Borettslag
1452,SE Drammensveien 68
3733,Lilleakerveien 33 C B/S
1465,SE Drammensveien 62
1454,Kastellåsen Boligsameie
5821,Wexels Plass Garasjesameie
5842,Årvollskogen Boligsameie III
1619,Jærveien 17 Borettslag
5846,Sameiet Meieriet, Oslo
5794,Os 114 Brl(utgår,mangl.Salg) U
1467,SE Jacob Aalls Gate 46
1060,Sundenga Boligsameie Gar Utg
1088,Sundenga  Blokk
5841,Sjølyststranda Garasjesameie
1480,SE Elisenbergveien 30
2509,Kabelgata 6 AS
3005,Harald Sohlbregs V 5
0126,Flaen Forretningsbygg II
1526,S/E Rundeskogen VI
1527,S/E Rundeskogen VII
0030,Klemetsrud Felt Bf
6812,avd. i 6810
1295,Værlebukta Borettslag
3786,Wilsesgate 2 S/E
3770,SE Thorvald Meyersgt 42
3771,S/E Sarpsborggata 1
0480,Gransletta Forretningsbygg
5847,Borettslaget Grunerkroken
1487,SE Niels Juelsgt 43
1470,SE Heftyeterrassen
5820,Wexels Plass Fellessameie
2500,Bergen Sentrum Eiendom AS
2511,Youngstorget Parkeringshus AS
4009,Grantunet Huseierforening
5834,Seterhøytunet Sameie
1478,Bratlikollen Boligsameie
1477,SE Adelsborg
9933,Heimdalsgt./Vahlsgt.
1453,SE Eckersbergsgt 19
2035,Lille Grensen 7
1294,Sameiet Kvitfjell Lodge
1621,Fredtunveien 10 Sameiet
5802,Hexlia Borettslag
0549,Holmlia Senter S/E II
1456,SE Thunes Vei 11
1457,SE Vesteråsveien 14
1459,SE Sofienberg Atrium
1462,Eierseksjonssameiet Thunes Vei
1463,SE Norefjell Sportsenter III
1464,AS Menighetssenter For Døve
1469,SE Riddervolds Gate 12
1472,Furumoen 1 Boligsameie
1473,Furumoen Boligsameie II
1481,Bs Hafrsfjordgaten 39
1482,Hasselbakken Boligsameie
1484,Bs Olav Nygards Veg 212-214-21
1485,SE Prof.Dahlsgt 25
1486,SE Hafrsfjordgate 33
1488,SE Lunnstaden Leiligheter
1489,Lunnstaden Vel
6813,Rosenborggaten 10
4113,Eikaparken 1 (24) Bs
0651,Elvesiden Borettslag
5186,Ryenstubben Sameie
5180,Solliveien 5 Sameie
5848,Myra Borettslag
0980,Arbeidergata 4 Ans
2028,Arbeidergt. 4
0950,Stift Utleieboliger I Oslo
0132,Lambertseter Sentrum I, II
1541,St.Svithun Boligsameie
3995,Gyldenløvesgate 4 S/E
2011,Pilestredet 47
6400,Lodalen Utvikling Da
6004,Gruesletta Sameie
3793,Sorgenfrigata 3 Sameie
0475,Holmlia Senter  I
6401,Lodalen Drift AS
5789,Mølleparken Brl
3059,Gamle Hovseter Vei 2
1640,Fredtunveien 10D Sameie
9400,Avd Forvaltning
5797,SE Son Brygge Havnegata 2-4-6
1537,S/E Siriskjær Trinn 1
1539,S/E Bjergsted Park
5853,Rolvsrud Park III Sameie
6920,Sela Eiendom AS
5850,Grønland Basar Eierseksjonse
1147,Herregårdsveien 5 Sameiet
1534,S/E Grasholmbryggå
3792,Wilsesgate 4 Brl
1535,S/E Heimdalsveien 5
3791,Nordstrand Velhus AS
1529,S/E Hafrsfjord Panorama
3773,Frimannsgate 18 S/E
6725,Frederik Stangs Gt 25
5057,Ulsnes Borettslag
3782,Solstadveien 19 Brl
3953,S/E Brannfjellvn 10A
5852,Årvollskogen SE Garasjeanlegg
3776,Vidarsgate 16 SE
9927,Store Brevik Vestby
6957,Urbanium Boligutleie AS
3779,Holtegaten 2 B A/S
5833,Wexels Plass E Sameie
5832,Wexels Plass D Sameie
1403,Aurn Borettslag, Utg.
5851,Sameiet Valle Gård
3794,Alfheim 21-23 Eierseks.Sameie
5785,Hundsund I Boligsameie
5786,Hundsund Fase 2 Sameie
5787,Lilleborg A5 og A7 Sameie
5790,Engaland Borettslag
5839,Lørenskog Sent.Vest Gar. SE 4
5815,Lørenkvartalet Borettslag
3726,Tennisveien 28 B S/E
3761,Heimdalsgata 29 S/E
6961,Collegium Novum As-Fagerborg U
4046,Nordre Erleveien Boliglag AS
1522,S/E Nymansmarkå
5810,Frydenberg Garasjesameie Aogb
4129,Bregneveien 1 Garasjesameie
8730,Obul
6763,Sagene Ring Næring AS
2634,Solfjellet Parkeringshus
5804,Sameiet Voksenkollveien 80
5805,Sameiet Nye Major 1
5831,Underhaugsveien 15 Sameie
5835,Søndre Jong 1 Sameie
6874,Hasleveien Eiendomsutv. A/S
3789,Eddaveien 24 S/E
1531,S/E Grasholmhavna
6800,Bogstad Eiendom AS
6801,Økern Torgvei Boliger Ans
1532,S/E Fredtunvegen 10B
4081,Hatoyn International AS
3798,Svoldergata 9 B/S
0581,Rikshospitalets Boligstiftelse
3741,Seljeholtet 15 S/E
1296,Holmentunet Bs
1297,Servil Waldemars Hage Invest I
3785,Ensjøveien 27 S/E
1533,S/E Hinnatrekanten
3795,Majorstuveien 5 SE
1521,S/E Krosshaugveien 14-42
1523,S/E Heimdalsveien 7
1524,S/E Gauselbakken Panorama II
1525,S/E Boganeset
1528,S/E Kongshaug I
0800,OBOS Prosjekt AS
5862,Grønlandshagen Sameie
5863,Boligsameiet In-Bo
1322,Harald Bothnersv 3
3790,Søndre Mohagen 4 Sameie
3969,S/E Huk Aveny 44
3712,Thorvald Meyersgate 60 B/S
1538,S/E Fredtunveien 10C
4080,S/E Oslogata 14
0236,Blåfjellet Garasjer  A/L Utg
0940,Obul   (andre)
8480,Gransletta Forretningsbygg
9425,Avd. Holmlia
9143,Avd. Regnskap
9426,Avd Tveita
9470,Prosjekt forv.
9450,Avd. Forsikring
1530,S/E Tananger Brygge
3737,Sofienberggt 2A B/S
9424,Avd. Lambertseter
3987,Sameiet Hovseter Kabelnett
3722,S/E Linjeveien 3
3720,Stensgaten 2 S/E
1536,Eierseksjonssameiet Holmen
1412,Sameiet Solli Hytter I+ii Utg
9440,Avd.Innbet.service
9940,Hvitsten Gård Hobøl
5861,Pollen II Borettslag
5854,Marina I Boligsameie
3767,Frydenlundsgate 4 S/E
0860,Exact-Obos Eiendomsmeglere AS
4003,S/E Deichmansgate 5
6904,Vestre Vei 19
1298,Servl Waldemars Hage Invest II
3787,Ullevålsveien 47 S/E
6898,Sinsenterrassen 14/16 AS
3920,B/S Lyder Sagensgt 22
5860,Pollen I Boligsameie
3797,Hans C Gjeflesvei 3 S/E
3796,Huitfeldtsgt. 25 Sameie
0886,Hammersborg Forsikring AS
3784,Brl Schleppegrellsgt 10
3994,Birgitte Hammersvei 1A S/E
5190,Marseliesgate 31 Gt.Borettslag
3723,Fuglekongestien B/S
7906,Steen & Strøm Data AS
1801,Prosj.Groruddalen 2008-2010
1810,Prosj. Vaktmesteroverenskomst
6094,Sameiet Rudshøgda Terrasse
1802,Prosj.Avtaler Olje
6962,Huitfeldts Gate 19 AS
5068,Borggata  S/E
5481,Avd Oef Trondheim
1803,Prosj.Forvaltningsportalen
3751,Brattåsveien 10 Brl
5845,Åråsen Lillestrøm Arena Sameie
5855,Marina II Boligsameie
5856,Marina III Boligsameie
5857,Tangen I Boligsameie
5858,Tangen II Boligsameie
5859,Tangen III Boligsameie
3906,Norsk Boligomsetning AS
0863,Megleroppgjør AS
3799,Thorvald Meyers Gate 28 S/E
5865,Solhellinga 1 Borettslag
6850,Thurmannsgate 10 AS
6810,Rosengård AS
1804,Prosj.Avtaler Strøm
1805,Prosj. Avtaler Telefoni
3719,Nordahl Brunsgate 10 B S/E
1148,Herregårdsveien 3 og 7 Sameie
3778,Pilestredet 51 B Brl
3788,Vassfaret 5/7 S/E
3904,B/S Oscarsgate 63
3907,B/S Krumgata 2
3752,Rasmus Engersvei 36-38 S/E
0433,Romsås Forretning
2015,Ravnkollbakken 64
3804,Erland Morud Eiendomsforvaltni
3809,Bekkelagsterrassen 21 Sameie
0194,Oppsal Kjøpesenter
5864,Løren Torg Borettslag
3759,Furulundsveien 6 Boligsameie
6967,Thorsnes Eiendom AS
5868,Boligsameiet Skogfaret 25C-F
3801,Deichmansgt 21 S/E
1806,Prosj.Avtaler Bredbånd
1807,Prosj.Veidekke Eiendom
1808,Prosj. Skanska Bolig
1809,Prosj. Fagteam
3808,Gomostølen Sameie
3811,Kleiva 6 S/E
5867,Normannsløkka Borettslag
3810,Sameiet Wilses Gate 4
0359,Luren Forretningsbygg
2047,Etterstad Forretning
6571,Thorshovgården A/S
5866,Tinnesgata 1 Borettslag
5871,Innspurten 4 Sameie
2712,E2 Feltet Kværnerbyen Parkering
3805,Frognerseterveien 30C og D B/S
1442,Brekkåsgrenda Borettslag
6551,Solhaug Byggeselskap A/S
0655,Skøyentorget Eierseksj.Sameie
0654,Turbinen Gårdsromssameie
3912,S/E Sexesgate 12
3812,S/E Svartdalsveien 14
3803,Waldemar Thranesgate 63 S/E
3813,Gustav Vigelandsvei 9 S/E
4045,Areal og Boligservice AS Utg
0223,Ulven Industribygg
5873,Vestparken 5 Borettslag
3807,Kirkeveien 18 Høvik Eiers.Se
5872,Persaunet Ekstra 2 Boligsameie
5024,Schleppegrellsgt 13 Borettslag
0298,Oppsal Parkeringshus
5053,Silurveien Boligselskap A/S Ut
3814,Thorsnes Vekst AS
2034,Jess Carlsens Gate 4 Ans
5051,Mauritz Hanssensgt 1 B/L Utg
0198,Korsgt.22 Borettslag
6808,OBOS Hetland Investering AS
6709,Dronningensgate 20/22
0658,Nye Gamlebyen Garasjesameie
5880,Vestheim Boligsameie
6075,Drammensveien 54b,56a-B S/E
3010,Stallerudveien 103
5875,Sameiet Funkelia I
3004,Grenseveien 61
2622,Helsfyr-Garasjene
1443,Sameiet Kapellanens Hage
0527,Sagene Forretningsbygg
4193,Olstad Boligselskap AS
6020,Vestlihagen Sameie
0258,Nordbygata 3-9-13 Næringslokal
3815,B/S Sagveien 34-36
5089,Trondheimsveien 42 / 44 S/E Ut
1811,Prosj.Infoland
5208,Observatoriegate 23 Sameie
6063,A/S Thomas Heftyesgt 64
6031,Huseierlaget Brekkelia Terr Ut
6025,Høyenhall Sameie
0492,Skøyen Vest Forretning
1820,Prosj.El.Fakt.behandling
5879,Frydenlund Hage Sameie
5098,Birkelunden B/S
0077,Teisenhuset
0659,Nye Gamlebyen Utomhussameie
5882,Tårnåsen Sameie
3806,Trondheimsveien 8 Sameie
5885,Skolegata 4 Abc Brl
5877,Edmunds Vei Fellessameie
6777,Jordbærsletta Utbygging Ans
1041,Meglerresk. klientmidler
3736,Collettsgate 16 S/E
2475,Holmlia Senter  I
2026,Holmliavn 100
4293,Kragerø Golf & Spa Resort I
3909,S/E Kittel Nielsensvei 59 Utg
3765,Schøningsgate 29 S/E
2350,Ammerud Senter
5888,Sognsveien 66 Sameie
3006,Langbølgen 7, 13-15
5184,Øvre Grorud Parkeringslag AL U
0657,Eierseksjonssameiet Eufemia
6523,Hosle Garasjelag
5887,Frydenlund Eierseksjonssameie
9840,Vinnesbråten BL
6726,Røde Kors Parkering
0093,Klementsrud Senter
6403,Kværnerbyen Parkering AS
5876,Sameiet Funkelia II
0476,Hallagerbakken Forretningsbygg
0647,Vesleskogen Borettslag
3800,Bjerregaardsgt 11 Brl
0652,Møllehjulet Borettslag
5891,Lensmannsgården Boligsameie
0069,Nordre Åsen Forretningsbygg
2196,Fuglemyra Forretningsbygg
5878,Zetlitzgate 5 Sameie
3818,Dovresvingen 5/7  B/S
4135,Vestre Jordbærsletta Bs
0495,Nordseter Forretningsbygg
2508,Kabelgata 2 AS
1812,Prosj Megleropplysninger
1813,Prosj In-Ordning
1814,Prosj Interne Oppdrag Anb
1815,Prosj Fjernvarme Søndre Nordst
1816,Styrerommet
1817,Prosj Forvaltn.Kontrakter 2008
1818,Prosj Garanti-Factoring Felles
1819,Prosj Peab
1544,Sameiet Siriskjær Trinn 2-3
0037,Stift.Ullevål Sykeh Pers.Bolig
2404,Sandaker Senter
3819,Aslakveien 13-15 Sameie
5881,Harestua Borettslag
5883,Inkognitogt. 33 Borettslag
5886,Skolegata 4 Eierseksjonssameie
5889,Suhmsgate 2 Borettslag
5890,Sameiet Harbitz Alleen 14
5892,Vålerenggata 22 Sameie
5893,Sofies Hage Utomhussameie
5894,Pollen Garasjesameie
5895,Marina Tangen Garasjesameie
5136,Abildsø Folkets Hus A/L,utgått
1542,Sameiet Rundeskogen VIII
1543,Sameiet Rundeskogen IX
1545,Sameiet Fredtunveien 10E
5196,Olaf Ryesplass 1 Sameie
0656,Lønnebakken Borettslag
4294,Kragerø Golf & Spa Resort II
0317,Tveita Senter
0244,Lambertseter Industri
5230,Myrer Garasjelag I A/L
6013,Gladengveien 1 A/S
3816,Thorsnes Holding AS
6011,Trondheimsvn 153/161 S/E Utg
5571,Thorvald Meyersgate 26 S/E Utg
0983,Vallhallveien 2
0417,Hovseter Forretningsbygg
8506,Schweigaardsgate 67
3012,Trondheimsveien 405
6022,A/S Gyldenløves Gate 19
1490,Sameiet Rytterfaret 15-17
3952,A/S Schwensensgate 18
9908,Sverdrupsgt.22
3817,Pilestredet 71 Sameie
0403,Ammerudkollen Parkeringshus
3823,Leirfallsgata 10 SE
5898,Parksiden Borettslag
3821,Utsikten 1 Sameie
2506,Telefonfabrikken AS
5896,Vålerengaparken 2 Borettslag
6805,Gladengveien Da
0446,Hovseter Parkeringshus
0951,Det Østenfjellske Inkassob A/S
0990,Stiftelsen Risikofondet I OBOS
3820,Henrichsensgate 3 S/E
8283,Abellund Forretning
3802,Deichmans Gate 7 S/E
2020,Plogveien 31
3822,Prof.Dahls Gate 35 Aogb Sameie
3827,Odinsgate 25 AS
2051,Heimdalsgata
3825,Boligsameiet Ullevålsveien 58
1300,Chr Krohgs Gate 30 Hjemmel AS
3824,Riddervoldsgate 7 AS
1641,Sameiet Fred og Ro
6727,Silurveien 12
0952,Hammersborg Inkasso AS
0424,Trosterud Senter
1642,Sameiet Hinna Brygge III
5899,Ostmann Borettslag
4160,Bs Nordbyhagen 71-109
4111,Sameiet Sogsti Skog IV
4156,Langhus Terrasse Sameie
4164,Sjøhagen 2 Boligsameie
3828,Fransstuvegen 2-4-6 B/S
9504,Vogtsgate 10 - 28
3829,Daasgate 11 AS
2614,Hellerud Parkeringshus
4190,Glassverket Garasjesameie
4239,Kolbotn Park Garasjesameie
6040,Ensliges Forenings Garasjer
0404,Sandaker Senter
2014,Welhavensgt
9847,Byggelånskunder
3826,Eckersbergsgt 2 B/S
5901,Otd Borettslag
0816,Nye Hjem Kolbotn AS
6809,Lørenvangen Utvikling AS
2424,Trosterud Senter
0870,OBOS Energi A/S
0493,Ellingsrudåsen Senter
2532,Etterstadsletta 3 AS
0991,OBOS Stipend- og Utd.Fond
1299,Serv Waldemars Hage Invest III
5900,Sameiet Briskebyveien 22
0059,Lille Ekeberg Forretningsbygg
1491,Sameiet Horisont Hafrsfjord
8740,Krystallen Eldresenter
4221,Toieåsen Bs
4237,Sameiet Kolbotn Øvre Torg
5059,Kristine Bonneviesvei 6 S/E Ut
5902,Syverudlia Borettslag
2282,Munkelia Forretningsbygg
2619,Stallerudåsen Garasjer
3837,SE Uranienborgveien 4,utgått
0494,Ullern Helsesenter
5903,Brl Jens Bjelkesgt1/Rathkesgt5
6054,Westye Egebergsgt 7 og 8 SE Ut
5183,Rostedsgate 16 Sameie
0303,Bøler Parkeringshus
6941,Wdm Thranesgate 5
5897,Akersbakken 25 E
0182,Holmlia Vaktmestersentral Utg
1643,Sameiet Fredtunveien  10F
3013,Vetlandsveien 68
3833,Snorresgate 7B Sameie
3836,Wessel Parkeringssameie
3839,Holbergsgate 3 Sameie
5906,E/S Gunnar Schjelderups Vei 33
5905,Hagelund Boligsameie
6598,Toppen Boligsameie
6051,Torshovgaten 8 A/S
5904,Zitty Sameie
5907,Herman Fossgt.16B Boligsameie
3832,Stift.Bergen Røde Kors Sosiale
3831,Stift.Boliger-Bergen Røde Kors
3834,Idrettsveien Borettslag AL
9968,Lille Stensrud
0660,Lambertseteralliansen
2501,Youngstorget 3 AS
0358,Munkelia Garasjer
3841,Herman Fossgate 8 Sameie
0661,Kamomille Parkeringssameie
3838,Åstadkroken Sameie
5908,Underlia 57 Sameie
5367,Jens Bjelkesgt 86 Sameie Utg
3835,Etterstadgata 18 Brl
0888,Søndre Nordstrand - Fjernvarme
5913,Bjerke Terrasse Eierseksjonse
2493,Ellingsrudåsen Senter
4188,Helgerød Boligsameie
3844,Ørterstølen 1 Eierseksjonssame
0127,Manglerud Forr.Bygg
6758,Frederik Stangs Gt 25
5915,Dagaliveien 31 Sameie
5916,Reichweinsgt 1 Borettslag
5911,Rauland Panorama Sameie
3845,Munkerud Hage SE
6901,Vestre Vei 13
3842,Granstunet Senterforening
3843,Drammensveien 48 S/E
0989,Stift Selskap/Se Innest.Midler
0196,Fuglemyra Forretningsbygg
9976,Mauritz Hansens Gate 6
5204,Østmarka Boligsameie
4075,Tostrup Terrasse 9
6708,Jomfrugaten 5 Ans
5912,Sukkertoppen Sameie
5909,Urtehagen Boligsameie
3830,Bernt Knudsens Vei 42 B Sameie
3011,Trondheimsveien 403
5918,Sameiet Baardsrudveien 2
6771,Selbos AS
5914,Sambo Boligsameie
4169,Studio Panorama Brl
0662,Eierseksjse. Sverdrups Gate 22
9996,Turbinen Brl   (salg nybolig)
2640,Kværnerbyen Parkering
6882,Lodalen Eiendom AS
2050,Rudolf Nilsens Plass
9986,Haugerudhagan Brl
4290,Holtnes Brygge
6591,Solfridbakken Terrasse 1 B/S U
5928,Hellerudparken Boligsameie
5929,Normannsgata 4 Borettslag
5930,Normannsgata 4 Sameie
5923,Nye Major Parkeringssameie
5919,Lille Bislett Eiersek. Sameie
5927,Middelalderparken Borettslag
5932,Lagunen Eierseksjonssameie
5933,Sameiet Badebakken 2-34
5926,Sameiet Teaterkvartalet Bygg 5
8031,Hausmannsgt. 30-32
5922,Nye Major 2 Sameie
3850,Ribbunggate 19 S/E
6740,Bogstadveien 44 B
3848,B/S Rastastubben 2-4
5917,Ringnes Park Vest Sameie
5931,Gaustadveien Borettslag
5924,Vestparken 6 Sameie
2263,Kringsjå Forretning I og II
6742,Vollebekkveien 1-3, Tomt
0327,Helsfyr-Garasjene
5142,Kongstun Vaktmestersameie
8495,Nordseter Forretningsbygg
3846,Nonnegata 11 Sameie
6840,Hammergaten 1
5934,Engebråten Boligsameie
3847,Heimdalsgata 34 Brl
6030,Langhus Senter A/S
5935,Tidemandsgate 2 Sameie
5936,Brl Sørligaten 40/44/46
5937,Sameiet Herregårdsveien 2A
5248,Kurveien 17-19-21 Sameiet Utg
5938,Sameiet Ullern Alle 41
2480,Gransletta Forretningsbygg
3852,Inkognitogaten 12 Sameie
3840,Villa Heffermehl Sameie
6774,Ramstad Utbygging AS
6870,Huitfeldsgate 3
0663,Huseby Gård Trondheim Brl
2997,Obos-Forr.Bygg A/S (underregn)
6077,Boligsameiet Michelets V 21/23
5921,Skovveien 2 Borettslag
6515,Drammensvn 116 B S/E
3853,Arildsgate 6 B Borettslag
3854,Ebbellsgate 7 Brl
2243,Refstad Forretningsbygg
1444,Sameiet Hermetikken
9947,N.Hauger og Ekerud Løren
6596,Rudshøgda Felt IV  Huseierl SE
3870,Seiersten Park 1 Sameie
2513,Oksenøen Bruk AS
2514,Oxenøen Bruk AS
2534,Etterstadsgata 4 AS
6807,Bjørnegårdssvingen 11-13Ans
6860,Glückstadgt.5
5939,Rena Syd Borettslag
6713,Løvenskiolds Gate 23
6599,Rudshøgda Felt IV C S/E
6052,Vidarsgate 2 S/E
5940,Sameiet Frydenbergveien 54
6410,Onh Lodalen AS
1644,Østhusvik Panorama I Eiers.Se.
3851,Trondheimsveien 20 Sameie
3855,Momentra AS
5945,Borettslaget Fønix 1913
2627,Grasveien Garasjer
5941,Tambourgården Eierseksj.Sameie
5942,Mandallsgt. 2-6 Sameie
5943,Sørgrenda Fritidsleiligheter
3052,Johan Scharfenbregsv
3861,Orhagen Brl
4017,Manglerud Senterforening Utg
6597,Utsikten B/S
2016,Oddvar Solbergsvei 150
1445,Sameiet Martin Stokkens Veg 2
1446,Nerøra Borettslag
5944,Bekkensten Boligsameie
3849,Vestgrensa 23-25 B/S
3857,Schweigaardsgate 82 Brl
3869,Sentrum Borettslag
3866,Fredbo Brl
3856,Stift. Lhl Akt.Senter Frogner
3867,Karoliushaugen Brl
3865,Bahustunet Brl
3872,Gran Handelspark AS
5210,Motzfeldtsgate 29-31-33 B/L Ut
3862,Vassenden Brl
6966,Cort Adelers Gate 20 Næring AS
2027,Hammersborg Torg 3
3858,Kirkeveien 21 Sameie
3868,Rossfjord Brl
3864,Bråthetoppen Brl
3863,Rugdeveien Brl
3871,Strandveien Borettslag    LHL
3860,Fiskenes Brl
0225,Borettsl Kolstadgt 15 (sibo)
6751,Frognerseteren Eiendom Ans
6704,Rådhusgata 17
6716,Armauer Hansensgt.3
2127,Manglerud Forr.Bygg
5946,Teaterkvartalet Bygg 8 Sameie
5947,Strømsvn.71/Støperivn.50 Es
5948,Sameiet Sverresgate 5
2336,Lønnealleen Forretningsbygg
8336,Lønnealleen Forretningsbygg
5042,Fossveien 23 C B/L
0505,Nordre Ås Forretning
0292,Normannsgata Næringslokale
5952,Sameiet Gotaasgården
5086,Samfunnshuset A/S
5950,Rolfsbukta Huseierforening
5951,Fornebu Driftsforening
5949,Sameiet Økholmen Sjøbodmiljø
1232,Granli Sameie
9506,Stallerudlia
2036,Storo Kontorbygg
6741,Vollebekkveien 2
2616,Bøler Parkeringshus
2417,Hovseter Forretningsbygg
0091,Marmorberget Forretningsbygg
8032,Hausmannsgt. 18
0282,Munkelia Forretningsbygg
4071,S/E Stasjonsveien 6
5954,AS Theresesg44/L.Gundersensgt6
5953,Lachmanns Borettslag
0811,Thorleif Haugsvei AS
3874,Drøbak Panorama Sameie
6061,Universitetstj.Mennenes B/L Ut
2273,Bogerud Forretningssentrum
0820,Nye Hjem Bjørnegårdssvingen AS
0273,Bogerud Forretningssentrum
5955,Nye Major 3 Sameie
6955,Eva Irene Ottestad Holding AS
5956,Borettslaget Bergliensgt.1 Pro
5957,Sameiet Etterstadgt. 39
5958,Rosenborg Borettslag
6701,Klingenberggaten 5 A/S
1835,Prosj Tidregistrering Forvalt
2204,Nygata 10 B
6762,Oslo Røde Kors Eiendom AS
5960,Dalsbergstien 3 Borettslag
6095,Rudshøgda Terrasse Huseierlag
5959,Østre Kragskogen Sameie
5962,Trysil Prestige Sameie
2019,Odvar Solbergsvei 114
5961,Knud Øyensvei 1-7 Sameie
3875,Inkognitogata 10 AS
1648,S/E Lervig Maritim A
5965,Estatia Norefjell Landsbyen SE
3876,Bjerregaardsgate 66 Sameie
5966,Estatia Norefjell Hotell SE
7905,Sørlandssenteret Drift AS
5963,Havna 1 Sameie
5964,Havna 2 Sameie
5135,S/E Norbygt.17 Motzfeltgt.7 Ut
5969,Bogstadveien 35 Sameie
0268,Pynten Garasjer
5968,Grefsentunet Borettslag
5970,Sameiet Grefsenveien 21
3877,Gjetemyrsveien 9 AS
4302,Mellomåsen Terrasse Sameie
8638,Torgan og Partners AS
8273,Bogerud Forretningssentrum
0880,OBOS Prosjekt A/S
1646,Sameiet Holmen Parkering
8233,Solhøgda Forretningsbygg
0626,Enga og Vålen Garasjelag
0664,Bergkrystallen Parkering AS
5967,Åstad Ballplassameie
6959,Smiths  Invest Holding AS
0235,Lillo Butikk
3878,Østerliveien 47 S/E
5972,Trondheimsveien 35 Borettslag
5971,Nedre Skogv.5-7/Bakkev.4 SE
9918,Nittedalsgt.5-7
6504,Bjørn Farmannsgt. 14 S/E Utg
5973,Harald Hårfagresgate 10 Sameie
1649,Sameiet Kong Carlsgate 15
3879,Stensberggaten 23 C Borettslag
2208,Olav Trygvasonsgate 48
6815,Krohnstadparken Bolig AS
8056,Kaldbakken Forr.Bygg 1
2502,Nytorget 3 AS
3880,Seilduksgata 6 Sameie
5974,Bjørk II Borettslag
0819,Nye Hjem Økern Torgvei AS
5975,Sagbo Sameie
5977,Sameiet Olaf Ryes Plass
9977,Pilestredet 68
0233,Solhøgda Forretningsbygg
5981,Nordjordet Borettslag
5978,Sameiet Markveien 42
5979,Sameiet Markveien 38
6945,Olav Hegnas Vei 25
8639,Alna Eiendomsmegling AS
9942,Frimannsgt 26
5982,Silurveien Boligsameie
5984,Skjæret Terrasse 1 Boligsameie
3882,Vestliskaret Sameie
1645,SE Rundeskogen Fellesarealer
2018,Odvar Solbergsvei 54
5985,Frøyatun Borettslag
0665,Smeltedigelen Eierseksjonsse.
3881,Colletthaven Sameie
2535,Ørnen Fabrikker AS
3883,Sverresgate 2 Sameie
5986,AS Hammergata Byggeselskap
5989,Advokatenes Borettslag
3884,Markveien 31 Sameie
5988,Sameiet Holtekilen IV B
5987,Sameiet Holtekilen IV A
1447,Nausthaugen Inderøy Borettslag
0481,Haugen Forretning
8632,Exact Eiendomsmeglere AS
3887,Lyseskrenten 54 SE
3885,Ormsundhagen Bs
3888,Lyseskrenten 56-58 SE
5990,Sameiet Industrigaten 67
1821,Hjemmesideløsning
0263,Kringsjå Forretning I og II
3889,Orknøygata 8 Brl
3886,Østre Strøm Sameie
5991,St. Halvardsgate 25 A-C AS
0872,Hammersborg Næringsforvaltning
0243,Refstad Forretningsbygg
1650,Sameiet Madlamarkveien 96
0465,Østre Lindeberg Forr.Bygg
5993,Sinsenveien 31 Brl
5994,Sinsenveien 33 Brl
5992,Skogssletta Borettslag
3891,Synnseter Sameie
3892,Bergstien 11 Borettslag
4304,Åstunet Sameie
5995,Frydenbergveien 56 og 60 SE
4303,Enerhaugen Terrasse Bs
0804,Fokus Inneklima AS
9939,Bånkallenga
5996,Lommedalstunet Sameie
0284,Lysehagan Forretningsbygg
3890,Klostergata 2 Sameie
3896,Skanseveien 3 Sameie
3895,Herslebsgate 47 Sameie
3897,Cort Adelersgate 35 Brl
3898,Gabelsgate 5 Sameie
3893,Waldemar Thranesgate 38 Sameie
5999,Fornebu Hageby Tun 1 Sameie
3899,Skovveien 10 Sameie
3894,Schulerudhagan Felt A Sameie
5997,Harstad Brygge Sameie
1651,Eierseksjonsse Madlaparken
7001,Sameiet Griniveien 12-16
6531,Langviksv 15/Fr.Borgsvn.20 Utg
7005,Åstadlia 1 Sameie
2512,Youngstorget Eiendom AS
4501,Borettslaget Brynsveien 153
1823,Prosj Miljøfondet
1824,Prosj 24 Forvaltn
1822,Prosj Anb div.prosjekter
7002,Rosenborggt. 15 Sameie
7003,Zerom Borettslag
7004,Zerom Sameie
7006,Borettslaget Dælenenggata 3
1492,Sameiet Bygget 72
4503,Fredensborgveien 3 SE
7007,Sognsveien 66 Borettslag
2133,Lambertseter Nord
7010,Ridderlia Mortensrud Es
1652,S/E Waldemar's Park
4505,General Birchsgt. 24 SE
7009,Brl Jens Bjelkesg./Siebkesg.
7013,Theresesgate 3 Sameie
4504,Munkegata 5 Brl
0304,Skedsmogt. 10
2516,Tasta Senter AS
5998,Harstad Brygge Borettslag
7017,Sameiet Skjelderupsgate 15
4305,Seiersten Park II
4306,Tårnlia  Vel
7011,Sameiet Majorstuveien 17
7012,Sameiet Buskerudveien 145
7018,Nye Major Driftsforening
4508,Sørumsgate 28 Sameie
4506,Sletta Brl
4509,Neuberggt. 18 Brl
7016,Ole Fladagers Gate 12 Sameie
7019,Vibesgate 11 Borettslag
7015,Rostedsgate 7 Borettslag
4502,Elisenbergveien 12 SE
7014,Borettslaget Theresesgt. 11
4507,Bjerregaardsgate 37 AS
1825,Prosj 25 Forvaltn
1448,Vestre Hansmark Brl
4512,Liejordet II Brl
4511,Engene 92 Brl
2392,Haugenstua Senter
5983,Centrum Boligsameie
7008,Fornebu Hageby Garasjesameie
4513,Tromsøgata 10 Sameie
0826,Romsås Tv-Studio
4515,Lhl Bygg AS Myrholtet
7020,Schweigaardsgate 50
4518,Lhl Bygg AS Ajastealli
2005,obos forr bygg
4514,Hertzbergsgate 3 Sameie
4516,Lhl Bygg AS Båsmoen
0667,Økernly Borettslag
4517,Lhl Bygg AS Gimleveien
4510,Tollbugata 34 Brl
1653,Sameiet Kastanjehagen
8015,Ravnkollbakken 64
7021,AS Gabels Gate 21
0262,Skolebakken Garasjer
2119,Flaen Forretningsbygg I
6057,Sameiet Schøningsgate 24
1654,Sameiet Schancheholen
4521,Eirik Raudesvei 22 K Brl
7023,Thorvald Meyersgate 72-76 SE
8258,Nordbygata 3-9-13 Næringslokal
4522,Sameiet Schweigaardsgt. 58 D-E
7022,Sameiet Waldemars Hage 2
0850,Oslo Kom. Uutbedrede Eiendom.
1655,Sameiet Randaberg R3D
0366,Hamborg Garasjer
6594,Solfridbakken Terrasse 3 B/S U
2233,Solhøgda Forretningsbygg
6906,Soladden AS Adm Avd
6595,Solfridbakken Huseierforening2
2515,Haakon Vii's gate 7 AS
4523,Fuglehauggt 13 D Sameie
4524,Markveien 51 Sameie
0237,Skøyenlia Forretningsbygg
6736,Kirkeveien 44
7026,Gladengveien Boligsameie
7024,Pilestredet Garasjelag AS
0668,Økernly Eierseksjonssameie
4520,Clemens Eiendomsutvikling Ks
2536,Ørnes Eiendom AS
7029,Idun Sameie
4527,Nordraaksgate Barnehage
4526,Lillevannsveien 61B og C SE
4528,Helgesensgate 32 Sameie
7025,Bjørndalen Panorama Sameie
2126,Flaen Forretningsbygg II
7027,Sameiet Kanalveien
7030,Oppsal Park Sameie
7031,Sameiet Ilsvika B2
7032,Sameiet Ilsvika B1 A/C
4525,Kvitfjell Vest Velforening
2624,Munkelia Garasjer
7037,Lilleborg C2 Sameie
4519,Ovf Eiendomsutvikling AS
0885,Øyvind Moen AS
0666,Heimansåsen Borettslag
4529,Theresesgate 43 Brl
7033,Sameiet Pilestredet 29
7039,Piloten Sameie
3102,Tønsberg Trygdeboliger Borettslag
0669,Rudshagen Borettslag
7038,AS Maridalsveien 205
0670,Voksenhagen Borettslag
4530,Islandsgate 9 AS
3255,Basberggrenda Borettslag
3264,Andebu Terrasse II Borettslag
3220,Linnom Borettslag
3101,Nordbyen Trygdeboliger Borettslag
3125,Farmann Borettslag
3110,Heimtun Borettslag
3100,Vålegaten 16 Borettslag
3200,Astoria Borettslag
3267,Solvanglia Garasjer
3343,Stiftelsen Bolig 90
3345,Stiftelsen Kjøpmannsskjær Aldersboliger
3350,Stiftelsen Etableringsboliger For Ungdom
3352,Stiftelsen Gauterød Ungdomsboliger
3349,Kongsåsen Boligstiftelse
3104,Centrum Park Borettslag
3300,Tordenskjoldsgate 9 A/S
7028,Arnstein Boligsameie
7034,Eilif Boligsameie
7035,Magnus Boligsameie
7036,Arneberg Hage Garasjesameie
3166,Solnes Borettslag
3103,St. Olav Borettslag
3116,Teglhagen Borettslag
7041,Eiers.Sameiet Dalsbergstien 22
7042,Eiers.Sameiet Falbes Gate 18
7043,Sameiet Sandstuveien 52
7044,Sameiet Elisenberghus
7045,Sameiet Uranienborgveien 13
3129,Skauen Borettslag
7040,Frydenlund Tingsrettslig SE
3342,Stiftelsen Ringshaug Bo og Servicesenter
6890,Handelssentralen Sørkedalsv 81
3223,Rønningen Borettslag
3185,Kjærnåsveien Borettslag
3311,Huseierlaget Kaldnes Brygge Syd
3138,Kaldnesalleen Borettslag
3117,Heimdal I Borettslag
3118,Heimdal II Borettslag
3160,Østskogen Borettslag
3123,Slottsbakken I Borettslag
9502,Skullerudbakken
3135,Hyttebakken Borettslag
3145,Tårnbo Syd Borettslag
2025,Holmlia Senter II
3127,Solvang Borettslag
7047,Sameiet Bygdøy Alle 65
1656,S/E Kannikbakken 6
3137,Klosterteigen Borettslag
3306,Kirkeåsen Borettslag
3312,Farmand Seniorsenter Borettslag
3212,Mølleråsen Borettslag
3316,Holtekjærtunet II Borettslag
3321,Døvlehavna Borettslag
3121,Gyldenløve Borettslag
3151,Høybo Borettslag
3134,Tårnbo Borettslag
3210,Øvre Haug Borettslag
3112,Klostergaten Borettslag
3303,Sameiet Solvang Terrasse
3266,Siljan Sentrum Borettslag
3268,Olsrød Borettslag
3269,Råeltunet Borettslag
3231,Årfuglveien Borettslag
3153,Midtløkken Borettslag
3215,Lofts-Eik Borettslag
3105,Sørbyen Borettslag
3141,Storgaten Borettslag
3147,Greven Borettslag
3309,Ankeret Borettslag
3130,Træla Borettslag
3206,Furuteigen Borettslag
3260,Kongseik Borettslag
3261,Skjeggerødsvingen Borettslag
0821,Farmansvn 9 AS
3161,Nordskogen Borettslag
3169,Tassebekk Borettslag
3263,Midtgård Borettslag
3140,Tårnbo Nord Borettslag
3157,Frydenberg Borettslag
3114,Klostergården Borettslag
3182,Søndre Labakken Borettslag
3319,Presterødkrysset Borettslag
3320,Vestsol Borettslag
3232,Sildreveien Borettslag
3270,Døsserudtunet Borettslag
3154,Midtløkken II Borettslag
3146,Ospebakken Borettslag
3111,Øvre Langgate Borettslag
3158,Bøkeskogen Borettslag
3159,Skogly Borettslag
3113,Munkegaten Borettslag
3302,Sameiet Conradisgt. 5-7
3351,Andebu Kommunale Boligstiftelse
3162,Fossnes Borettslag
3163,Hvålsåsen Borettslag
3164,Myrløkka Borettslag
3165,Røsslyngveien Borettslag
3174,Sjøveien Borettslag
3175,Grindløkken Borettslag
3176,Skoleveien Borettslag
3177,Vestfjorden Borettslag
3178,Elgestad Borettslag
3179,Lysaker Borettslag
3180,Hjemseng Borettslag
3181,Vestskogen Borettslag
3183,Stranda Borettslag
3184,Oterbekk Borettslag
3228,Nedre Råel Borettslag
3186,Ulvø Borettslag
3187,Skuteveienes Borettslag
3188,Svendsrødåsen Borettslag
3189,Oserødlund Borettslag
3191,Nesskogen Borettslag
3192,Skallestad Borettslag
3193,Sundveien Borettslag
3194,Oserød Borettslag
3195,Nordre Labakken Borettslag
3196,Midtre Labakken Borettslag
3197,Skarphaga Borettslag
3199,Bakkeskau Borettslag
3201,Røsselgaten Borettslag
3202,Kolberg Borettslag
3203,Skallestadgrenda Borettslag
3204,Vestliveien Borettslag
3205,Ulvøgrenda Borettslag
3207,Vebo Borettslag
3259,Ilebo Borettslag
3340,Siv's Personalboliger
3233,Nordre Fritzølia Borettslag
3106,Kilen I Borettslag
3344,Bergslia Boligstiftelse
3109,Kilen IV Borettslag
3251,Bjellandbakken Borettslag
3150,Lia Borettslag
3132,Pande Borettslag
3115,Conradisgate Borettslag
3323,Brukerdata AS
3235,Vestre Sandeåsen Borettslag
3211,Bolig 2000 Borettslag Tjøme
3307,Mågerø Borettslag
3214,Blinken Tjøme  Borettslag
3254,Døsserødgrenda Borettslag
3122,Træleborg I Borettslag
3124,Slottsbakken II Borettslag
3301,Sameiet Midtløkken,driftsfell.
3167,Jevnakerveien Borettslag
3120,Granli Borettslag
3128,Banebakken Borettslag
3139,Vangen Borettslag
3142,Teie Borettslag
0813,Brånåsen AS
3249,Bjellandkanten Borettslag
3253,Pilen Borettslag
3348,Stiftelsen Ungbo
4531,Stensgaten 20 Brl
3133,Stenen Borettslag
3258,Brekkejordet Borettslag
3257,Gauterødtunet Borettslag
3107,Kilen II Borettslag
3143,Solheim Borettslag
3148,Bekketunet Borettslag
3149,Solveien Borettslag
3152,Trudvanglia Borettslag
3155,Bragerlia Borettslag
3219,Sem Borettslag
3168,Stokke Trygdeboliger Borettslag
3170,Lågerød Borettslag
3171,Bergsåsen Borettslag
3173,Re Borettslag
3218,Lasken Borettslag
3221,Eikeli Borettslag
3222,Nordre Eik Borettslag
3224,Syrbekk Borettslag
3225,Fagervik Borettslag
3226,Skogro Borettslag
3227,Eikbo Borettslag
3229,Søndre Fritzølia Borettslag
3240,Syrbekksvingen Borettslag
3310,Pir 2 Borettslag
3216,Presterød Borettslag
3108,Kilen III Borettslag
3131,Øvre Solvang Borettslag
3315,Astoria Bomiljø Borettslag
3314,Sameiet Solsiden Terrasse
3347,Stiftelsen Ungbo Haug
3239,Rolia Borettslag
3237,Østre Sandeåsen Borettslag
3230,Vestre Eik Borettslag
3234,Lørte Borettslag
3236,Krøgerløkka Borettslag
3248,Kongsåsen Borettslag
3242,Skrenten Borettslag
3247,Hogsnesåsen Borettslag
3252,Basbergtunet Borettslag
3256,Basberglia Borettslag
3213,Knatten Borettslag
3217,Tolvsrød Borettslag
4533,Markveien 11 Sameie
3238,Furumo Borettslag
3243,Søndre Hogsnes Borettslag
3245,Bjelland Borettslag
3250,Klokkerlia Borettslag
3172,Bergslia Borettslag
3119,Heimdal III Borettslag
3308,Holtekjærtunet Borettslag
3246,Fritzøgrenda Borettslag
3262,Andebu Terrasse Borettslag
3208,Vestfjorden Terrasse Borettslag
3317,Randineborg I Borettslag
0878,BBL Håndverksenter AS
3265,Hvittingfoss Sentrum Borettslag
4532,Sameiet Skøyenveien 1
7048,Årvollbrinken Sameie
3209,Flåteskjærveien Borettslag
4534,Kolfaath Eiendom AS
3241,Åsen Borettslag
3346,Stiftelsen Føynland Aldersboliger
3341,Møllebakken Boligstiftelse
3313,Kong Sverres Hus Borettslag
7052,Vidsyn 1 Sameie
3433,Brl Vestlia III
3401,Brl Nyås
1658,Sameiet Waldemar's Park II
2048,Etterstadgt 2
2062,Chr.Krohgsgt.10/12
2091,Marmorberget Forretningsbygg
2093,Klementsrud Senter
2157,Pynten Forretningsbygg
2476,Hallagerbakken Forretningsbygg
2527,Sagene Forretningsbygg
3318,Sandeåsen Antennelag
6811,Ulos AS
6899,Tverråsen 33
6902,Vestre Vei 15
6903,Vestre Vei 17
6905,Vestre Vei 21
9934,Thorbjørnrud Oppegård
